NOC,1295875800,69.37
NOC,1295876700,69.37
NOC,1295877600,69.37
NOC,1295878500,69.37
NOC,1295879400,69.46
NOC,1295880300,68.97
NOC,1295881200,68.82
NOC,1295882100,68.79
NOC,1295883000,68.87
NOC,1295883900,68.98
NOC,1295884800,69.03
NOC,1295885700,69.11
NOC,1295886600,69.17
NOC,1295887500,69.18
NOC,1295888400,69.18
NOC,1295889300,69.16
NOC,1295890200,69.12
NOC,1295891100,69.13
NOC,1295892000,69.15
NOC,1295892900,69.07
NOC,1295893800,69.1
NOC,1295894700,69.13
NOC,1295895600,69.08
NOC,1295896500,68.99
NOC,1295897400,69.03
NOC,1295898300,68.87
NOC,1295899200,68.8
NOC,1295900100,68.78
NOC,1295901000,68.85
NOC,1295901900,68.92
NOC,1295902800,68.91
NOC,1295903700,68.91
NOC,1295904600,68.91
NOC,1295905500,68.91
NOC,1295906400,68.91
NOC,1295907300,68.91
NOC,1295908200,68.91
NOC,1295909100,68.91
NOC,1295910000,68.91
NOC,1295910900,68.91
NOC,1295911800,68.91
NOC,1295912700,68.91
NOC,1295913600,68.91
NOC,1295914500,68.91
NOC,1295915400,68.91
NOC,1295916300,68.91
NOC,1295965800,69.06
NOC,1295966700,69.08
NOC,1295967600,69.3
NOC,1295968500,69.21
NOC,1295969400,69.14
NOC,1295970300,69.17
NOC,1295971200,68.88
NOC,1295972100,68.64
NOC,1295973000,68.57
NOC,1295973900,68.64
NOC,1295974800,68.88
NOC,1295975700,68.97
NOC,1295976600,69.05
NOC,1295977500,69.06
NOC,1295978400,69.14
NOC,1295979300,69.08
NOC,1295980200,69.14
NOC,1295981100,69.12
NOC,1295982000,68.88
NOC,1295982900,68.78
NOC,1295983800,68.74
NOC,1295984700,68.85
NOC,1295985600,69.04
NOC,1295986500,69.16
NOC,1295987400,69.28
NOC,1295988300,69.52
NOC,1295989200,69.51
NOC,1295990100,69.51
NOC,1295991000,69.51
NOC,1295991900,69.51
NOC,1295992800,69.51
NOC,1295993700,69.51
NOC,1295994600,69.51
NOC,1295995500,69.51
NOC,1295996400,69.51
NOC,1295997300,69.51
NOC,1295998200,69.51
NOC,1295999100,69.51
NOC,1296000000,69.51
NOC,1296000900,69.51
NOC,1296001800,69.51
NOC,1296002700,69.51
NOC,1296051300,69.61
NOC,1296052200,69.31
NOC,1296053100,68.98
NOC,1296054000,69.2
NOC,1296054900,69.26
NOC,1296055800,69.14
NOC,1296056700,68.91
NOC,1296057600,68.99
NOC,1296058500,68.46
NOC,1296059400,68.39
NOC,1296060300,68.39
NOC,1296061200,68.48
NOC,1296062100,68.41
NOC,1296063000,68.51
NOC,1296063900,68.56
NOC,1296064800,68.52
NOC,1296065700,68.55
NOC,1296066600,68.52
NOC,1296067500,68.47
NOC,1296068400,68.63
NOC,1296069300,68.57
NOC,1296070200,68.82
NOC,1296071100,68.9
NOC,1296072000,68.9
NOC,1296072900,68.81
NOC,1296073800,68.86
NOC,1296074700,68.81
NOC,1296075600,68.81
NOC,1296076500,68.81
NOC,1296077400,68.81
NOC,1296078300,68.81
NOC,1296079200,68.81
NOC,1296080100,68.81
NOC,1296081000,68.81
NOC,1296081900,68.81
NOC,1296082800,68.81
NOC,1296083700,68.81
NOC,1296084600,68.81
NOC,1296085500,68.81
NOC,1296086400,68.81
NOC,1296087300,68.81
NOC,1296088200,68.81
NOC,1296089100,68.81
NOC,1296137700,68.81
NOC,1296138600,69.64
NOC,1296139500,69.7
NOC,1296140400,69.5
NOC,1296141300,69.47
NOC,1296142200,69.39
NOC,1296143100,69.4
NOC,1296144000,69.33
NOC,1296144900,69.22
NOC,1296145800,69.48
NOC,1296146700,69.46
NOC,1296147600,69.49
NOC,1296148500,69.52
NOC,1296149400,69.62
NOC,1296150300,69.69
NOC,1296151200,69.72
NOC,1296152100,69.72
NOC,1296153000,69.55
NOC,1296153900,69.53
NOC,1296154800,69.44
NOC,1296155700,69.33
NOC,1296156600,69.57
NOC,1296157500,69.52
NOC,1296158400,69.54
NOC,1296159300,69.51
NOC,1296160200,69.4
NOC,1296161100,69.24
NOC,1296162000,69.22
NOC,1296162900,69.22
NOC,1296163800,69.22
NOC,1296164700,69.22
NOC,1296165600,69.22
NOC,1296166500,69.22
NOC,1296167400,69.22
NOC,1296168300,69.22
NOC,1296169200,69.22
NOC,1296170100,69.22
NOC,1296171000,69.22
NOC,1296171900,69.22
NOC,1296172800,69.22
NOC,1296173700,69.22
NOC,1296174600,69.22
NOC,1296175500,69.22
NOC,1296224100,70.11
NOC,1296225000,69.57
NOC,1296225900,69.45
NOC,1296226800,69.31
NOC,1296227700,68.91
NOC,1296228600,68.94
NOC,1296229500,68.92
NOC,1296230400,68.62
NOC,1296231300,68.32
NOC,1296232200,68.03
NOC,1296233100,67.96
NOC,1296234000,67.96
NOC,1296234900,68.01
NOC,1296235800,68.16
NOC,1296236700,68.06
NOC,1296237600,67.82
NOC,1296238500,67.63
NOC,1296239400,67.53
NOC,1296240300,67.96
NOC,1296241200,67.79
NOC,1296242100,67.77
NOC,1296243000,67.79
NOC,1296243900,67.74
NOC,1296244800,67.62
NOC,1296245700,67.47
NOC,1296246600,67.48
NOC,1296247500,67.55
NOC,1296248400,67.58
NOC,1296249300,67.58
NOC,1296250200,67.58
NOC,1296251100,67.58
NOC,1296252000,67.58
NOC,1296252900,67.58
NOC,1296253800,67.58
NOC,1296254700,67.58
NOC,1296255600,67.58
NOC,1296256500,67.58
NOC,1296257400,67.58
NOC,1296258300,67.58
NOC,1296259200,67.58
NOC,1296260100,67.58
NOC,1296261000,67.58
NOC,1296261900,67.58
NOC,1296484200,68.48
NOC,1296485100,68.6
NOC,1296486000,68.49
NOC,1296486900,68.61
NOC,1296487800,68.82
NOC,1296488700,69.08
NOC,1296489600,69.07
NOC,1296490500,68.92
NOC,1296491400,68.95
NOC,1296492300,68.74
NOC,1296493200,68.86
NOC,1296494100,68.9
NOC,1296495000,68.76
NOC,1296495900,68.8
NOC,1296496800,68.88
NOC,1296497700,68.82
NOC,1296498600,68.79
NOC,1296499500,68.84
NOC,1296500400,68.76
NOC,1296501300,68.83
NOC,1296502200,68.82
NOC,1296503100,68.92
NOC,1296504000,69.05
NOC,1296504900,69.1
NOC,1296505800,69.26
NOC,1296506700,69.31
NOC,1296507600,69.3
NOC,1296508500,69.3
NOC,1296509400,69.3
NOC,1296510300,69.3
NOC,1296511200,69.3
NOC,1296512100,69.3
NOC,1296513000,69.3
NOC,1296513900,69.3
NOC,1296514800,69.3
NOC,1296515700,69.3
NOC,1296516600,69.3
NOC,1296517500,69.3
NOC,1296518400,69.3
NOC,1296519300,69.3
NOC,1296520200,69.3
NOC,1296521100,69.3
NOC,1296570600,69.76
NOC,1296571500,69.98
NOC,1296572400,69.59
NOC,1296573300,69.84
NOC,1296574200,69.98
NOC,1296575100,69.82
NOC,1296576000,69.73
NOC,1296576900,69.7
NOC,1296577800,69.81
NOC,1296578700,69.84
NOC,1296579600,70.03
NOC,1296580500,69.97
NOC,1296581400,69.84
NOC,1296582300,69.94
NOC,1296583200,69.86
NOC,1296584100,69.95
NOC,1296585000,69.95
NOC,1296585900,69.94
NOC,1296586800,69.86
NOC,1296587700,69.86
NOC,1296588600,69.99
NOC,1296589500,70.1
NOC,1296590400,70.11
NOC,1296591300,70.2
NOC,1296592200,70.21
NOC,1296593100,70.23
NOC,1296594000,70.27
NOC,1296594900,70.27
NOC,1296595800,70.27
NOC,1296596700,70.27
NOC,1296597600,70.27
NOC,1296598500,70.27
NOC,1296599400,70.27
NOC,1296600300,70.27
NOC,1296601200,70.27
NOC,1296602100,70.27
NOC,1296603000,70.27
NOC,1296603900,70.27
NOC,1296604800,70.27
NOC,1296605700,70.27
NOC,1296606600,70.27
NOC,1296607500,70.27
NOC,1296657000,69.9
NOC,1296657900,70.13
NOC,1296658800,70.15
NOC,1296659700,70.26
NOC,1296660600,69.99
NOC,1296661500,69.84
NOC,1296662400,69.79
NOC,1296663300,69.95
NOC,1296664200,69.96
NOC,1296665100,69.92
NOC,1296666000,69.87
NOC,1296666900,69.84
NOC,1296667800,69.9
NOC,1296668700,69.99
NOC,1296669600,69.94
NOC,1296670500,69.9
NOC,1296671400,69.83
NOC,1296672300,69.77
NOC,1296673200,69.8
NOC,1296674100,69.88
NOC,1296675000,69.93
NOC,1296675900,69.96
NOC,1296676800,69.99
NOC,1296677700,69.89
NOC,1296678600,69.86
NOC,1296679500,69.86
NOC,1296680400,69.88
NOC,1296681300,69.88
NOC,1296682200,69.88
NOC,1296683100,69.88
NOC,1296684000,69.88
NOC,1296684900,69.88
NOC,1296685800,69.88
NOC,1296686700,69.88
NOC,1296687600,69.88
NOC,1296688500,69.88
NOC,1296689400,69.88
NOC,1296690300,69.88
NOC,1296691200,69.88
NOC,1296692100,69.88
NOC,1296693000,69.88
NOC,1296693900,69.88
NOC,1296743400,69.62
NOC,1296744300,69.78
NOC,1296745200,69.4
NOC,1296746100,69.48
NOC,1296747000,69.4
NOC,1296747900,69.33
NOC,1296748800,69.23
NOC,1296749700,69.28
NOC,1296750600,69.42
NOC,1296751500,69.56
NOC,1296752400,69.5
NOC,1296753300,69.59
NOC,1296754200,69.47
NOC,1296755100,69.52
NOC,1296756000,69.57
NOC,1296756900,69.6
NOC,1296757800,69.59
NOC,1296758700,69.59
NOC,1296759600,69.47
NOC,1296760500,69.53
NOC,1296761400,69.63
NOC,1296762300,69.77
NOC,1296763200,69.8
NOC,1296764100,69.77
NOC,1296765000,69.77
NOC,1296765900,69.77
NOC,1296766800,69.79
NOC,1296767700,69.79
NOC,1296768600,69.79
NOC,1296769500,69.79
NOC,1296770400,69.79
NOC,1296771300,69.79
NOC,1296772200,69.79
NOC,1296773100,69.79
NOC,1296774000,69.79
NOC,1296774900,69.79
NOC,1296775800,69.79
NOC,1296776700,69.79
NOC,1296777600,69.79
NOC,1296778500,69.79
NOC,1296779400,69.79
NOC,1296780300,69.79
NOC,1296829800,69.37
NOC,1296830700,69.38
NOC,1296831600,69.52
NOC,1296832500,69.53
NOC,1296833400,69.52
NOC,1296834300,69.43
NOC,1296835200,69.37
NOC,1296836100,69.4
NOC,1296837000,69.37
NOC,1296837900,69.36
NOC,1296838800,69.37
NOC,1296839700,69.38
NOC,1296840600,69.39
NOC,1296841500,69.49
NOC,1296842400,69.47
NOC,1296843300,69.46
NOC,1296844200,69.54
NOC,1296845100,69.53
NOC,1296846000,69.44
NOC,1296846900,69.43
NOC,1296847800,69.29
NOC,1296848700,69.35
NOC,1296849600,69.35
NOC,1296850500,69.4
NOC,1296851400,69.47
NOC,1296852300,69.55
NOC,1296853200,69.57
NOC,1296854100,69.57
NOC,1296855000,69.57
NOC,1296855900,69.57
NOC,1296856800,69.57
NOC,1296857700,69.57
NOC,1296858600,69.57
NOC,1296859500,69.57
NOC,1296860400,69.57
NOC,1296861300,69.57
NOC,1296862200,69.57
NOC,1296863100,69.57
NOC,1296864000,69.57
NOC,1296864900,69.57
NOC,1296865800,69.57
NOC,1296866700,69.57
NOC,1297085400,69.48
NOC,1297086300,69.48
NOC,1297087200,69.48
NOC,1297088100,69.48
NOC,1297089000,69.97
NOC,1297089900,70.14
NOC,1297090800,70.2
NOC,1297091700,70.18
NOC,1297092600,70.38
NOC,1297093500,70.35
NOC,1297094400,70.41
NOC,1297095300,70.49
NOC,1297096200,70.42
NOC,1297097100,70.42
NOC,1297098000,70.39
NOC,1297098900,70.46
NOC,1297099800,70.5
NOC,1297100700,70.52
NOC,1297101600,70.63
NOC,1297102500,70.62
NOC,1297103400,70.58
NOC,1297104300,70.59
NOC,1297105200,70.41
NOC,1297106100,70.46
NOC,1297107000,70.59
NOC,1297107900,70.47
NOC,1297108800,70.3
NOC,1297109700,70.31
NOC,1297110600,70.34
NOC,1297111500,70.37
NOC,1297112400,70.35
NOC,1297113300,70.35
NOC,1297114200,70.35
NOC,1297115100,70.35
NOC,1297116000,70.35
NOC,1297116900,70.35
NOC,1297117800,70.35
NOC,1297118700,70.35
NOC,1297119600,70.35
NOC,1297120500,70.35
NOC,1297121400,70.35
NOC,1297122300,70.35
NOC,1297123200,70.35
NOC,1297124100,70.35
NOC,1297125000,70.35
NOC,1297125900,70.35
NOC,1297175400,70.47
NOC,1297176300,70.62
NOC,1297177200,70.67
NOC,1297178100,70.68
NOC,1297179000,70.71
NOC,1297179900,70.54
NOC,1297180800,70.7
NOC,1297181700,70.68
NOC,1297182600,70.82
NOC,1297183500,70.9
NOC,1297184400,70.81
NOC,1297185300,70.87
NOC,1297186200,70.88
NOC,1297187100,70.84
NOC,1297188000,70.71
NOC,1297188900,70.61
NOC,1297189800,70.6
NOC,1297190700,70.58
NOC,1297191600,70.71
NOC,1297192500,70.72
NOC,1297193400,70.8
NOC,1297194300,70.82
NOC,1297195200,71.0
NOC,1297196100,71.06
NOC,1297197000,70.88
NOC,1297197900,71.1
NOC,1297198800,71.09
NOC,1297199700,71.09
NOC,1297200600,71.09
NOC,1297201500,71.09
NOC,1297202400,71.09
NOC,1297203300,71.09
NOC,1297204200,71.09
NOC,1297205100,71.09
NOC,1297206000,71.09
NOC,1297206900,71.09
NOC,1297207800,71.09
NOC,1297208700,71.09
NOC,1297209600,71.09
NOC,1297210500,71.09
NOC,1297211400,71.09
NOC,1297212300,71.09
NOC,1297256400,71.09
NOC,1297257300,71.09
NOC,1297258200,71.09
NOC,1297259100,72.3
NOC,1297260000,72.3
NOC,1297260900,72.3
NOC,1297261800,70.83
NOC,1297262700,71.02
NOC,1297263600,71.21
NOC,1297264500,71.14
NOC,1297265400,71.3
NOC,1297266300,71.65
NOC,1297267200,71.92
NOC,1297268100,71.98
NOC,1297269000,72.0
NOC,1297269900,72.19
NOC,1297270800,72.33
NOC,1297271700,72.34
NOC,1297272600,72.16
NOC,1297273500,72.2
NOC,1297274400,72.15
NOC,1297275300,72.15
NOC,1297276200,72.1
NOC,1297277100,72.03
NOC,1297278000,71.9
NOC,1297278900,71.98
NOC,1297279800,71.74
NOC,1297280700,71.67
NOC,1297281600,71.73
NOC,1297282500,71.75
NOC,1297283400,71.63
NOC,1297284300,71.88
NOC,1297285200,71.88
NOC,1297286100,71.88
NOC,1297287000,71.88
NOC,1297287900,71.88
NOC,1297288800,71.88
NOC,1297289700,71.88
NOC,1297290600,71.88
NOC,1297291500,71.88
NOC,1297292400,71.88
NOC,1297293300,71.88
NOC,1297294200,71.88
NOC,1297295100,71.88
NOC,1297296000,71.88
NOC,1297296900,71.88
NOC,1297297800,71.88
NOC,1297298700,71.88
NOC,1297347300,71.2
NOC,1297348200,71.22
NOC,1297349100,70.83
NOC,1297350000,70.64
NOC,1297350900,71.02
NOC,1297351800,70.93
NOC,1297352700,70.67
NOC,1297353600,70.79
NOC,1297354500,71.05
NOC,1297355400,70.91
NOC,1297356300,71.01
NOC,1297357200,70.99
NOC,1297358100,71.0
NOC,1297359000,70.92
NOC,1297359900,70.9
NOC,1297360800,71.02
NOC,1297361700,70.92
NOC,1297362600,70.95
NOC,1297363500,71.09
NOC,1297364400,71.19
NOC,1297365300,71.09
NOC,1297366200,71.03
NOC,1297367100,70.88
NOC,1297368000,70.91
NOC,1297368900,71.11
NOC,1297369800,71.2
NOC,1297370700,71.18
NOC,1297371600,71.16
NOC,1297372500,71.16
NOC,1297373400,71.16
NOC,1297374300,71.16
NOC,1297375200,71.16
NOC,1297376100,71.16
NOC,1297377000,71.16
NOC,1297377900,71.16
NOC,1297378800,71.16
NOC,1297379700,71.16
NOC,1297380600,71.16
NOC,1297381500,71.16
NOC,1297382400,71.16
NOC,1297383300,71.16
NOC,1297384200,71.16
NOC,1297385100,71.16
NOC,1297434600,70.55
NOC,1297435500,70.73
NOC,1297436400,70.79
NOC,1297437300,70.83
NOC,1297438200,70.89
NOC,1297439100,70.93
NOC,1297440000,70.97
NOC,1297440900,70.94
NOC,1297441800,70.91
NOC,1297442700,71.05
NOC,1297443600,70.99
NOC,1297444500,70.96
NOC,1297445400,71.1
NOC,1297446300,71.15
NOC,1297447200,70.97
NOC,1297448100,70.7
NOC,1297449000,70.58
NOC,1297449900,70.48
NOC,1297450800,70.64
NOC,1297451700,70.6
NOC,1297452600,70.84
NOC,1297453500,70.75
NOC,1297454400,70.71
NOC,1297455300,70.73
NOC,1297456200,70.65
NOC,1297457100,70.53
NOC,1297458000,70.51
NOC,1297458900,70.51
NOC,1297459800,70.51
NOC,1297460700,70.51
NOC,1297461600,70.51
NOC,1297462500,70.51
NOC,1297463400,70.51
NOC,1297464300,70.51
NOC,1297465200,70.51
NOC,1297466100,70.51
NOC,1297467000,70.51
NOC,1297467900,70.51
NOC,1297468800,70.51
NOC,1297469700,70.51
NOC,1297470600,70.51
NOC,1297471500,70.51
NOC,1297693800,69.82
NOC,1297694700,69.85
NOC,1297695600,69.48
NOC,1297696500,69.3
NOC,1297697400,68.94
NOC,1297698300,68.77
NOC,1297699200,68.79
NOC,1297700100,68.91
NOC,1297701000,69.12
NOC,1297701900,68.99
NOC,1297702800,69.0
NOC,1297703700,69.13
NOC,1297704600,69.2
NOC,1297705500,69.08
NOC,1297706400,69.14
NOC,1297707300,69.07
NOC,1297708200,69.02
NOC,1297709100,69.03
NOC,1297710000,69.01
NOC,1297710900,69.06
NOC,1297711800,69.24
NOC,1297712700,69.14
NOC,1297713600,69.1
NOC,1297714500,68.96
NOC,1297715400,68.6
NOC,1297716300,68.71
NOC,1297717200,68.7
NOC,1297718100,68.7
NOC,1297719000,68.7
NOC,1297719900,68.7
NOC,1297720800,68.7
NOC,1297721700,68.7
NOC,1297722600,68.7
NOC,1297723500,68.7
NOC,1297724400,68.7
NOC,1297725300,68.7
NOC,1297726200,68.7
NOC,1297727100,68.7
NOC,1297728000,68.7
NOC,1297728900,68.7
NOC,1297729800,68.7
NOC,1297730700,68.7
NOC,1297780200,68.52
NOC,1297781100,68.69
NOC,1297782000,68.47
NOC,1297782900,68.67
NOC,1297783800,68.85
NOC,1297784700,68.82
NOC,1297785600,68.98
NOC,1297786500,68.99
NOC,1297787400,68.95
NOC,1297788300,68.87
NOC,1297789200,68.93
NOC,1297790100,68.94
NOC,1297791000,68.89
NOC,1297791900,68.9
NOC,1297792800,68.99
NOC,1297793700,69.07
NOC,1297794600,69.18
NOC,1297795500,69.27
NOC,1297796400,68.95
NOC,1297797300,68.92
NOC,1297798200,68.97
NOC,1297799100,69.07
NOC,1297800000,69.15
NOC,1297800900,69.16
NOC,1297801800,69.12
NOC,1297802700,69.12
NOC,1297803600,69.14
NOC,1297804500,69.14
NOC,1297805400,69.14
NOC,1297806300,69.14
NOC,1297807200,69.14
NOC,1297808100,69.14
NOC,1297809000,69.14
NOC,1297809900,69.14
NOC,1297810800,69.14
NOC,1297811700,69.14
NOC,1297812600,69.14
NOC,1297813500,69.14
NOC,1297814400,69.14
NOC,1297815300,69.14
NOC,1297816200,69.14
NOC,1297817100,69.14
NOC,1297866600,69.22
NOC,1297867500,68.9
NOC,1297868400,68.7
NOC,1297869300,68.95
NOC,1297870200,68.73
NOC,1297871100,68.49
NOC,1297872000,68.38
NOC,1297872900,68.44
NOC,1297873800,68.23
NOC,1297874700,68.15
NOC,1297875600,67.65
NOC,1297876500,67.81
NOC,1297877400,67.71
NOC,1297878300,67.51
NOC,1297879200,67.66
NOC,1297880100,67.69
NOC,1297881000,67.92
NOC,1297881900,68.0
NOC,1297882800,67.95
NOC,1297883700,67.95
NOC,1297884600,68.15
NOC,1297885500,68.13
NOC,1297886400,68.3
NOC,1297887300,68.33
NOC,1297888200,68.49
NOC,1297889100,68.53
NOC,1297890000,68.54
NOC,1297890900,68.54
NOC,1297891800,68.54
NOC,1297892700,68.54
NOC,1297893600,68.54
NOC,1297894500,68.54
NOC,1297895400,68.54
NOC,1297896300,68.54
NOC,1297897200,68.54
NOC,1297898100,68.54
NOC,1297899000,68.54
NOC,1297899900,68.54
NOC,1297900800,68.54
NOC,1297901700,68.54
NOC,1297902600,68.54
NOC,1297903500,68.54
NOC,1297953000,68.63
NOC,1297953900,68.95
NOC,1297954800,68.8
NOC,1297955700,68.82
NOC,1297956600,68.92
NOC,1297957500,69.03
NOC,1297958400,69.26
NOC,1297959300,69.47
NOC,1297960200,69.51
NOC,1297961100,69.45
NOC,1297962000,69.48
NOC,1297962900,69.5
NOC,1297963800,69.37
NOC,1297964700,69.34
NOC,1297965600,69.46
NOC,1297966500,69.39
NOC,1297967400,69.3
NOC,1297968300,69.29
NOC,1297969200,69.25
NOC,1297970100,69.18
NOC,1297971000,69.07
NOC,1297971900,69.06
NOC,1297972800,69.04
NOC,1297973700,69.05
NOC,1297974600,68.99
NOC,1297975500,68.91
NOC,1297976400,68.9
NOC,1297977300,68.9
NOC,1297978200,68.9
NOC,1297979100,68.9
NOC,1297980000,68.9
NOC,1297980900,68.9
NOC,1297981800,68.9
NOC,1297982700,68.9
NOC,1297983600,68.9
NOC,1297984500,68.9
NOC,1297985400,68.9
NOC,1297986300,68.9
NOC,1297987200,68.9
NOC,1297988100,68.9
NOC,1297989000,68.9
NOC,1297989900,68.9
NOC,1298036700,69.41
NOC,1298037600,69.41
NOC,1298038500,69.41
NOC,1298039400,69.38
NOC,1298040300,69.37
NOC,1298041200,69.23
NOC,1298042100,69.06
NOC,1298043000,69.15
NOC,1298043900,69.08
NOC,1298044800,69.03
NOC,1298045700,68.93
NOC,1298046600,69.05
NOC,1298047500,69.13
NOC,1298048400,69.14
NOC,1298049300,69.2
NOC,1298050200,69.14
NOC,1298051100,69.19
NOC,1298052000,69.17
NOC,1298052900,69.02
NOC,1298053800,68.89
NOC,1298054700,68.87
NOC,1298055600,68.92
NOC,1298056500,68.81
NOC,1298057400,68.83
NOC,1298058300,68.96
NOC,1298059200,69.0
NOC,1298060100,69.06
NOC,1298061000,68.96
NOC,1298061900,69.13
NOC,1298062800,69.11
NOC,1298063700,69.11
NOC,1298064600,69.11
NOC,1298065500,69.11
NOC,1298066400,69.11
NOC,1298067300,69.11
NOC,1298068200,69.11
NOC,1298069100,69.11
NOC,1298070000,69.11
NOC,1298070900,69.11
NOC,1298071800,69.11
NOC,1298072700,69.11
NOC,1298073600,69.11
NOC,1298074500,69.11
NOC,1298075400,69.11
NOC,1298076300,69.11
NOC,1298380500,68.7
NOC,1298381400,68.7
NOC,1298382300,68.7
NOC,1298383200,68.7
NOC,1298384100,68.47
NOC,1298385000,68.02
NOC,1298385900,68.45
NOC,1298386800,68.33
NOC,1298387700,68.23
NOC,1298388600,68.44
NOC,1298389500,68.47
NOC,1298390400,68.38
NOC,1298391300,68.17
NOC,1298392200,68.07
NOC,1298393100,68.01
NOC,1298394000,67.8
NOC,1298394900,68.06
NOC,1298395800,67.76
NOC,1298396700,67.76
NOC,1298397600,67.81
NOC,1298398500,67.54
NOC,1298399400,67.51
NOC,1298400300,67.42
NOC,1298401200,67.45
NOC,1298402100,67.53
NOC,1298403000,67.56
NOC,1298403900,67.48
NOC,1298404800,67.5
NOC,1298405700,67.22
NOC,1298406600,67.28
NOC,1298407500,67.55
NOC,1298408400,67.56
NOC,1298409300,67.56
NOC,1298410200,67.56
NOC,1298411100,67.56
NOC,1298412000,67.56
NOC,1298412900,67.56
NOC,1298413800,67.56
NOC,1298414700,67.56
NOC,1298415600,67.56
NOC,1298416500,67.56
NOC,1298417400,67.56
NOC,1298418300,67.56
NOC,1298419200,67.56
NOC,1298420100,67.56
NOC,1298421000,67.56
NOC,1298421900,67.56
NOC,1298467800,67.52
NOC,1298468700,67.56
NOC,1298469600,67.56
NOC,1298470500,67.56
NOC,1298471400,67.91
NOC,1298472300,67.29
NOC,1298473200,66.99
NOC,1298474100,66.9
NOC,1298475000,66.74
NOC,1298475900,66.97
NOC,1298476800,66.95
NOC,1298477700,66.81
NOC,1298478600,66.66
NOC,1298479500,66.65
NOC,1298480400,66.4
NOC,1298481300,66.66
NOC,1298482200,66.67
NOC,1298483100,66.7
NOC,1298484000,66.68
NOC,1298484900,66.92
NOC,1298485800,66.84
NOC,1298486700,66.78
NOC,1298487600,66.56
NOC,1298488500,66.7
NOC,1298489400,66.61
NOC,1298490300,66.84
NOC,1298491200,66.85
NOC,1298492100,66.87
NOC,1298493000,66.92
NOC,1298493900,66.93
NOC,1298494800,66.92
NOC,1298495700,66.92
NOC,1298496600,66.92
NOC,1298497500,66.92
NOC,1298498400,66.92
NOC,1298499300,66.76
NOC,1298500200,66.76
NOC,1298501100,66.76
NOC,1298502000,66.76
NOC,1298502900,66.76
NOC,1298503800,66.76
NOC,1298504700,66.76
NOC,1298505600,66.76
NOC,1298506500,66.76
NOC,1298507400,66.76
NOC,1298508300,66.76
NOC,1298552400,66.0
NOC,1298553300,66.0
NOC,1298554200,66.0
NOC,1298555100,66.0
NOC,1298556000,66.0
NOC,1298556900,66.0
NOC,1298557800,66.7
NOC,1298558700,66.92
NOC,1298559600,67.02
NOC,1298560500,67.36
NOC,1298561400,67.2
NOC,1298562300,67.26
NOC,1298563200,67.25
NOC,1298564100,67.41
NOC,1298565000,67.13
NOC,1298565900,67.04
NOC,1298566800,67.03
NOC,1298567700,67.07
NOC,1298568600,67.2
NOC,1298569500,67.4
NOC,1298570400,67.33
NOC,1298571300,67.31
NOC,1298572200,67.3
NOC,1298573100,67.29
NOC,1298574000,67.54
NOC,1298574900,67.53
NOC,1298575800,67.31
NOC,1298576700,67.16
NOC,1298577600,67.35
NOC,1298578500,67.21
NOC,1298579400,67.19
NOC,1298580300,67.02
NOC,1298581200,67.0
NOC,1298582100,67.0
NOC,1298583000,67.0
NOC,1298583900,67.0
NOC,1298584800,66.64
NOC,1298585700,66.64
NOC,1298586600,66.64
NOC,1298587500,66.3
NOC,1298588400,66.3
NOC,1298589300,66.3
NOC,1298590200,66.3
NOC,1298591100,66.3
NOC,1298592000,66.3
NOC,1298592900,66.3
NOC,1298593800,66.3
NOC,1298594700,66.3
NOC,1298644200,66.97
NOC,1298645100,66.92
NOC,1298646000,67.09
NOC,1298646900,67.04
NOC,1298647800,67.02
NOC,1298648700,66.98
NOC,1298649600,66.69
NOC,1298650500,66.52
NOC,1298651400,66.38
NOC,1298652300,66.52
NOC,1298653200,66.59
NOC,1298654100,66.5
NOC,1298655000,66.51
NOC,1298655900,66.61
NOC,1298656800,66.67
NOC,1298657700,66.7
NOC,1298658600,66.74
NOC,1298659500,66.66
NOC,1298660400,66.66
NOC,1298661300,66.57
NOC,1298662200,66.6
NOC,1298663100,66.65
NOC,1298664000,66.62
NOC,1298664900,66.65
NOC,1298665800,66.55
NOC,1298666700,66.52
NOC,1298667600,66.49
NOC,1298668500,66.49
NOC,1298669400,66.49
NOC,1298670300,66.49
NOC,1298671200,66.49
NOC,1298672100,66.49
NOC,1298673000,66.49
NOC,1298673900,66.49
NOC,1298674800,66.49
NOC,1298675700,66.49
NOC,1298676600,66.49
NOC,1298677500,66.49
NOC,1298678400,66.49
NOC,1298679300,66.49
NOC,1298680200,66.49
NOC,1298681100,66.49
NOC,1298902500,66.35
NOC,1298903400,66.87
NOC,1298904300,67.04
NOC,1298905200,67.13
NOC,1298906100,67.48
NOC,1298907000,67.43
NOC,1298907900,67.38
NOC,1298908800,67.28
NOC,1298909700,67.28
NOC,1298910600,67.11
NOC,1298911500,66.94
NOC,1298912400,66.87
NOC,1298913300,66.97
NOC,1298914200,67.12
NOC,1298915100,66.86
NOC,1298916000,66.71
NOC,1298916900,66.64
NOC,1298917800,66.49
NOC,1298918700,66.52
NOC,1298919600,66.55
NOC,1298920500,66.73
NOC,1298921400,66.81
NOC,1298922300,66.91
NOC,1298923200,66.78
NOC,1298924100,66.8
NOC,1298925000,66.73
NOC,1298925900,66.68
NOC,1298926800,66.68
NOC,1298927700,66.68
NOC,1298928600,66.68
NOC,1298929500,66.68
NOC,1298930400,66.68
NOC,1298931300,66.68
NOC,1298932200,66.68
NOC,1298933100,66.68
NOC,1298934000,66.68
NOC,1298934900,66.68
NOC,1298935800,66.68
NOC,1298936700,66.68
NOC,1298937600,66.68
NOC,1298938500,66.68
NOC,1298939400,66.68
NOC,1298940300,66.68
NOC,1298988900,66.7
NOC,1298989800,67.57
NOC,1298990700,67.29
NOC,1298991600,67.14
NOC,1298992500,67.06
NOC,1298993400,66.73
NOC,1298994300,66.78
NOC,1298995200,66.87
NOC,1298996100,66.43
NOC,1298997000,66.47
NOC,1298997900,66.48
NOC,1298998800,66.7
NOC,1298999700,66.32
NOC,1299000600,66.5
NOC,1299001500,66.5
NOC,1299002400,66.51
NOC,1299003300,66.17
NOC,1299004200,66.07
NOC,1299005100,66.17
NOC,1299006000,65.99
NOC,1299006900,65.89
NOC,1299007800,65.85
NOC,1299008700,65.82
NOC,1299009600,65.8
NOC,1299010500,65.82
NOC,1299011400,66.0
NOC,1299012300,65.86
NOC,1299013200,65.86
NOC,1299014100,65.86
NOC,1299015000,65.86
NOC,1299015900,65.86
NOC,1299016800,65.86
NOC,1299017700,65.86
NOC,1299018600,65.86
NOC,1299019500,65.86
NOC,1299020400,65.86
NOC,1299021300,65.86
NOC,1299022200,65.86
NOC,1299023100,65.86
NOC,1299024000,65.86
NOC,1299024900,65.86
NOC,1299025800,65.86
NOC,1299026700,65.86
NOC,1299076200,66.18
NOC,1299077100,66.4
NOC,1299078000,66.16
NOC,1299078900,66.08
NOC,1299079800,66.38
NOC,1299080700,66.4
NOC,1299081600,66.21
NOC,1299082500,66.14
NOC,1299083400,66.0
NOC,1299084300,65.8
NOC,1299085200,66.09
NOC,1299086100,66.34
NOC,1299087000,66.41
NOC,1299087900,66.45
NOC,1299088800,66.54
NOC,1299089700,66.53
NOC,1299090600,66.19
NOC,1299091500,66.13
NOC,1299092400,66.28
NOC,1299093300,66.23
NOC,1299094200,66.56
NOC,1299095100,66.53
NOC,1299096000,66.67
NOC,1299096900,66.5
NOC,1299097800,66.46
NOC,1299098700,66.48
NOC,1299099600,66.44
NOC,1299100500,66.44
NOC,1299101400,66.44
NOC,1299102300,66.44
NOC,1299103200,66.44
NOC,1299104100,66.44
NOC,1299105000,66.44
NOC,1299105900,66.44
NOC,1299106800,66.44
NOC,1299107700,66.44
NOC,1299108600,66.44
NOC,1299109500,66.44
NOC,1299110400,66.44
NOC,1299111300,66.44
NOC,1299112200,66.44
NOC,1299113100,66.44
NOC,1299162600,67.7
NOC,1299163500,67.53
NOC,1299164400,67.65
NOC,1299165300,67.41
NOC,1299166200,67.46
NOC,1299167100,67.33
NOC,1299168000,67.34
NOC,1299168900,67.36
NOC,1299169800,67.45
NOC,1299170700,67.65
NOC,1299171600,67.48
NOC,1299172500,67.58
NOC,1299173400,67.67
NOC,1299174300,67.72
NOC,1299175200,67.67
NOC,1299176100,67.77
NOC,1299177000,67.84
NOC,1299177900,67.7
NOC,1299178800,67.85
NOC,1299179700,67.64
NOC,1299180600,67.63
NOC,1299181500,67.75
NOC,1299182400,67.6
NOC,1299183300,67.52
NOC,1299184200,67.57
NOC,1299185100,67.48
NOC,1299186000,67.51
NOC,1299186900,67.51
NOC,1299187800,67.51
NOC,1299188700,67.51
NOC,1299189600,67.51
NOC,1299190500,67.51
NOC,1299191400,67.51
NOC,1299192300,67.51
NOC,1299193200,67.51
NOC,1299194100,67.51
NOC,1299195000,67.51
NOC,1299195900,67.51
NOC,1299196800,67.51
NOC,1299197700,67.51
NOC,1299198600,67.51
NOC,1299199500,67.51
NOC,1299248100,67.81
NOC,1299249000,67.29
NOC,1299249900,66.95
NOC,1299250800,66.59
NOC,1299251700,66.67
NOC,1299252600,66.78
NOC,1299253500,66.69
NOC,1299254400,66.48
NOC,1299255300,66.47
NOC,1299256200,66.6
NOC,1299257100,66.23
NOC,1299258000,66.0
NOC,1299258900,65.99
NOC,1299259800,66.04
NOC,1299260700,66.06
NOC,1299261600,65.97
NOC,1299262500,66.03
NOC,1299263400,65.94
NOC,1299264300,65.99
NOC,1299265200,65.93
NOC,1299266100,66.0
NOC,1299267000,66.05
NOC,1299267900,66.24
NOC,1299268800,66.3
NOC,1299269700,66.17
NOC,1299270600,66.35
NOC,1299271500,66.67
NOC,1299272400,66.69
NOC,1299273300,66.69
NOC,1299274200,66.69
NOC,1299275100,66.69
NOC,1299276000,66.69
NOC,1299276900,66.69
NOC,1299277800,66.69
NOC,1299278700,66.69
NOC,1299279600,66.69
NOC,1299280500,66.69
NOC,1299281400,66.69
NOC,1299282300,66.69
NOC,1299283200,66.69
NOC,1299284100,66.69
NOC,1299285000,66.69
NOC,1299285900,66.69
NOC,1299508200,67.22
NOC,1299509100,67.11
NOC,1299510000,66.81
NOC,1299510900,66.8
NOC,1299511800,66.33
NOC,1299512700,66.17
NOC,1299513600,65.93
NOC,1299514500,65.78
NOC,1299515400,65.63
NOC,1299516300,65.71
NOC,1299517200,65.95
NOC,1299518100,65.65
NOC,1299519000,65.58
NOC,1299519900,65.53
NOC,1299520800,65.52
NOC,1299521700,65.5
NOC,1299522600,65.51
NOC,1299523500,65.51
NOC,1299524400,65.43
NOC,1299525300,65.64
NOC,1299526200,65.57
NOC,1299527100,65.7
NOC,1299528000,65.79
NOC,1299528900,65.92
NOC,1299529800,65.87
NOC,1299530700,65.81
NOC,1299531600,65.79
NOC,1299532500,65.79
NOC,1299533400,65.79
NOC,1299534300,65.79
NOC,1299535200,65.79
NOC,1299536100,65.79
NOC,1299537000,65.79
NOC,1299537900,65.79
NOC,1299538800,65.79
NOC,1299539700,65.79
NOC,1299540600,65.79
NOC,1299541500,65.79
NOC,1299542400,65.79
NOC,1299543300,65.79
NOC,1299544200,65.79
NOC,1299545100,65.79
NOC,1299593700,65.82
NOC,1299594600,66.04
NOC,1299595500,66.21
NOC,1299596400,66.56
NOC,1299597300,66.49
NOC,1299598200,66.63
NOC,1299599100,66.51
NOC,1299600000,66.65
NOC,1299600900,66.88
NOC,1299601800,67.01
NOC,1299602700,67.1
NOC,1299603600,67.07
NOC,1299604500,66.93
NOC,1299605400,66.98
NOC,1299606300,66.99
NOC,1299607200,66.99
NOC,1299608100,67.03
NOC,1299609000,67.01
NOC,1299609900,67.05
NOC,1299610800,66.94
NOC,1299611700,66.87
NOC,1299612600,67.01
NOC,1299613500,66.99
NOC,1299614400,66.99
NOC,1299615300,67.01
NOC,1299616200,67.0
NOC,1299617100,66.9
NOC,1299618000,66.89
NOC,1299618900,66.89
NOC,1299619800,66.89
NOC,1299620700,66.89
NOC,1299621600,66.89
NOC,1299622500,66.89
NOC,1299623400,66.89
NOC,1299624300,66.89
NOC,1299625200,66.89
NOC,1299626100,66.89
NOC,1299627000,66.89
NOC,1299627900,66.89
NOC,1299628800,66.89
NOC,1299629700,66.89
NOC,1299630600,66.89
NOC,1299631500,66.89
NOC,1299681000,66.7
NOC,1299681900,66.59
NOC,1299682800,66.52
NOC,1299683700,66.86
NOC,1299684600,66.85
NOC,1299685500,66.56
NOC,1299686400,66.66
NOC,1299687300,66.7
NOC,1299688200,66.77
NOC,1299689100,67.01
NOC,1299690000,67.17
NOC,1299690900,67.02
NOC,1299691800,67.09
NOC,1299692700,67.25
NOC,1299693600,67.26
NOC,1299694500,67.33
NOC,1299695400,67.17
NOC,1299696300,67.22
NOC,1299697200,67.3
NOC,1299698100,67.26
NOC,1299699000,67.28
NOC,1299699900,67.26
NOC,1299700800,67.33
NOC,1299701700,67.36
NOC,1299702600,67.19
NOC,1299703500,67.31
NOC,1299704400,67.3
NOC,1299705300,67.3
NOC,1299706200,66.89
NOC,1299707100,66.89
NOC,1299708000,66.89
NOC,1299708900,66.89
NOC,1299709800,66.89
NOC,1299710700,66.89
NOC,1299711600,66.89
NOC,1299712500,66.89
NOC,1299713400,66.89
NOC,1299714300,66.89
NOC,1299715200,66.89
NOC,1299716100,66.89
NOC,1299717000,66.89
NOC,1299717900,66.89
NOC,1299758400,67.23
NOC,1299759300,67.25
NOC,1299760200,67.25
NOC,1299761100,67.25
NOC,1299762000,67.25
NOC,1299762900,67.25
NOC,1299763800,67.34
NOC,1299764700,67.34
NOC,1299765600,67.34
NOC,1299766500,67.34
NOC,1299767400,66.77
NOC,1299768300,66.96
NOC,1299769200,66.86
NOC,1299770100,66.93
NOC,1299771000,67.02
NOC,1299771900,66.94
NOC,1299772800,66.91
NOC,1299773700,66.98
NOC,1299774600,67.1
NOC,1299775500,67.25
NOC,1299776400,67.13
NOC,1299777300,67.05
NOC,1299778200,67.17
NOC,1299779100,67.3
NOC,1299780000,67.44
NOC,1299780900,67.18
NOC,1299781800,66.7
NOC,1299782700,66.73
NOC,1299783600,66.7
NOC,1299784500,66.66
NOC,1299785400,66.7
NOC,1299786300,66.71
NOC,1299787200,66.57
NOC,1299788100,66.28
NOC,1299789000,66.6
NOC,1299789900,66.32
NOC,1299790800,66.31
NOC,1299791700,66.31
NOC,1299792600,66.31
NOC,1299793500,66.31
NOC,1299794400,66.31
NOC,1299795300,66.31
NOC,1299796200,66.31
NOC,1299797100,66.31
NOC,1299798000,66.31
NOC,1299798900,66.31
NOC,1299799800,66.31
NOC,1299800700,66.31
NOC,1299801600,66.31
NOC,1299802500,66.31
NOC,1299803400,66.31
NOC,1299804300,66.31
NOC,1299853800,66.43
NOC,1299854700,65.94
NOC,1299855600,65.75
NOC,1299856500,65.87
NOC,1299857400,65.77
NOC,1299858300,66.0
NOC,1299859200,65.97
NOC,1299860100,66.02
NOC,1299861000,66.17
NOC,1299861900,66.11
NOC,1299862800,66.04
NOC,1299863700,66.14
NOC,1299864600,66.18
NOC,1299865500,66.22
NOC,1299866400,66.09
NOC,1299867300,66.19
NOC,1299868200,66.15
NOC,1299869100,66.09
NOC,1299870000,66.18
NOC,1299870900,66.17
NOC,1299871800,66.2
NOC,1299872700,66.18
NOC,1299873600,66.28
NOC,1299874500,66.4
NOC,1299875400,66.27
NOC,1299876300,66.11
NOC,1299877200,66.1
NOC,1299878100,66.1
NOC,1299879000,66.1
NOC,1299879900,66.1
NOC,1299880800,66.1
NOC,1299881700,66.1
NOC,1299882600,66.1
NOC,1299883500,66.1
NOC,1299884400,66.1
NOC,1299885300,66.1
NOC,1299886200,66.1
NOC,1299887100,66.1
NOC,1299888000,66.1
NOC,1299888900,66.1
NOC,1299889800,66.1
NOC,1299890700,66.1
NOC,1300109400,65.73
NOC,1300110300,65.93
NOC,1300111200,65.97
NOC,1300112100,66.02
NOC,1300113000,65.73
NOC,1300113900,65.73
NOC,1300114800,65.69
NOC,1300115700,65.57
NOC,1300116600,65.57
NOC,1300117500,65.58
NOC,1300118400,65.42
NOC,1300119300,65.43
NOC,1300120200,65.43
NOC,1300121100,65.66
NOC,1300122000,65.82
NOC,1300122900,65.83
NOC,1300123800,65.81
NOC,1300124700,65.78
NOC,1300125600,65.93
NOC,1300126500,66.25
NOC,1300127400,65.93
NOC,1300128300,66.05
NOC,1300129200,66.18
NOC,1300130100,66.17
NOC,1300131000,66.3
NOC,1300131900,66.3
NOC,1300132800,66.32
NOC,1300133700,66.32
NOC,1300134600,66.32
NOC,1300135500,66.32
NOC,1300136400,66.32
NOC,1300137300,66.32
NOC,1300138200,66.32
NOC,1300139100,66.32
NOC,1300140000,66.32
NOC,1300140900,66.32
NOC,1300141800,66.32
NOC,1300142700,66.32
NOC,1300143600,66.32
NOC,1300144500,66.32
NOC,1300145400,66.32
NOC,1300146300,66.32
NOC,1300195800,64.63
NOC,1300196700,65.25
NOC,1300197600,65.41
NOC,1300198500,65.55
NOC,1300199400,65.57
NOC,1300200300,65.52
NOC,1300201200,65.47
NOC,1300202100,65.56
NOC,1300203000,65.54
NOC,1300203900,65.59
NOC,1300204800,65.91
NOC,1300205700,65.93
NOC,1300206600,65.75
NOC,1300207500,65.74
NOC,1300208400,65.77
NOC,1300209300,65.69
NOC,1300210200,65.68
NOC,1300211100,65.8
NOC,1300212000,65.86
NOC,1300212900,66.04
NOC,1300213800,66.07
NOC,1300214700,66.01
NOC,1300215600,66.19
NOC,1300216500,66.39
NOC,1300217400,66.6
NOC,1300218300,66.14
NOC,1300219200,66.13
NOC,1300220100,65.36
NOC,1300221000,65.36
NOC,1300221900,65.36
NOC,1300222800,65.36
NOC,1300223700,65.36
NOC,1300224600,65.36
NOC,1300225500,65.36
NOC,1300226400,65.36
NOC,1300227300,65.36
NOC,1300228200,65.65
NOC,1300229100,65.65
NOC,1300230000,65.65
NOC,1300230900,65.65
NOC,1300231800,65.65
NOC,1300232700,65.65
NOC,1300282200,65.65
NOC,1300283100,65.77
NOC,1300284000,65.83
NOC,1300284900,65.85
NOC,1300285800,65.78
NOC,1300286700,65.63
NOC,1300287600,65.63
NOC,1300288500,65.62
NOC,1300289400,65.62
NOC,1300290300,65.48
NOC,1300291200,65.2
NOC,1300292100,65.49
NOC,1300293000,65.27
NOC,1300293900,65.4
NOC,1300294800,65.28
NOC,1300295700,65.32
NOC,1300296600,65.17
NOC,1300297500,65.06
NOC,1300298400,64.84
NOC,1300299300,64.98
NOC,1300300200,65.23
NOC,1300301100,65.22
NOC,1300302000,65.12
NOC,1300302900,65.0
NOC,1300303800,65.1
NOC,1300304700,64.94
NOC,1300305600,64.94
NOC,1300306500,64.94
NOC,1300307400,64.94
NOC,1300308300,64.94
NOC,1300309200,64.94
NOC,1300310100,64.94
NOC,1300311000,64.94
NOC,1300311900,64.94
NOC,1300312800,64.29
NOC,1300313700,64.29
NOC,1300314600,64.29
NOC,1300315500,64.29
NOC,1300316400,64.29
NOC,1300317300,64.29
NOC,1300318200,64.29
NOC,1300319100,64.29
NOC,1300368600,66.27
NOC,1300369500,65.96
NOC,1300370400,66.72
NOC,1300371300,66.81
NOC,1300372200,66.58
NOC,1300373100,66.23
NOC,1300374000,66.25
NOC,1300374900,66.28
NOC,1300375800,66.48
NOC,1300376700,66.23
NOC,1300377600,66.47
NOC,1300378500,66.53
NOC,1300379400,66.34
NOC,1300380300,66.44
NOC,1300381200,66.44
NOC,1300382100,66.14
NOC,1300383000,66.42
NOC,1300383900,66.32
NOC,1300384800,66.3
NOC,1300385700,66.31
NOC,1300386600,66.35
NOC,1300387500,66.29
NOC,1300388400,66.31
NOC,1300389300,66.28
NOC,1300390200,66.51
NOC,1300391100,66.44
NOC,1300392000,66.46
NOC,1300392900,66.46
NOC,1300393800,66.46
NOC,1300394700,66.46
NOC,1300395600,66.46
NOC,1300396500,66.46
NOC,1300397400,66.46
NOC,1300398300,66.46
NOC,1300399200,66.46
NOC,1300400100,66.46
NOC,1300401000,66.82
NOC,1300401900,66.82
NOC,1300402800,66.82
NOC,1300403700,66.82
NOC,1300404600,66.82
NOC,1300405500,66.82
NOC,1300450500,67.65
NOC,1300451400,67.65
NOC,1300452300,67.65
NOC,1300453200,67.65
NOC,1300454100,67.37
NOC,1300455000,66.93
NOC,1300455900,67.12
NOC,1300456800,66.69
NOC,1300457700,66.54
NOC,1300458600,66.56
NOC,1300459500,66.5
NOC,1300460400,66.44
NOC,1300461300,66.21
NOC,1300462200,66.03
NOC,1300463100,66.26
NOC,1300464000,66.2
NOC,1300464900,66.35
NOC,1300465800,66.28
NOC,1300466700,66.21
NOC,1300467600,66.26
NOC,1300468500,66.32
NOC,1300469400,66.27
NOC,1300470300,66.35
NOC,1300471200,66.4
NOC,1300472100,66.47
NOC,1300473000,66.46
NOC,1300473900,66.4
NOC,1300474800,66.5
NOC,1300475700,66.61
NOC,1300476600,66.93
NOC,1300477500,67.0
NOC,1300478400,66.95
NOC,1300479300,66.95
NOC,1300480200,66.95
NOC,1300481100,66.95
NOC,1300482000,66.95
NOC,1300482900,66.95
NOC,1300483800,66.95
NOC,1300484700,66.95
NOC,1300485600,66.95
NOC,1300486500,66.95
NOC,1300487400,66.95
NOC,1300488300,66.95
NOC,1300489200,66.95
NOC,1300490100,66.95
NOC,1300491000,66.95
NOC,1300491900,66.95
NOC,1300708800,67.36
NOC,1300709700,67.36
NOC,1300710600,67.36
NOC,1300711500,67.36
NOC,1300712400,67.36
NOC,1300713300,67.36
NOC,1300714200,68.17
NOC,1300715100,68.46
NOC,1300716000,68.49
NOC,1300716900,68.3
NOC,1300717800,68.06
NOC,1300718700,68.14
NOC,1300719600,68.35
NOC,1300720500,68.17
NOC,1300721400,68.28
NOC,1300722300,68.25
NOC,1300723200,68.18
NOC,1300724100,68.21
NOC,1300725000,68.19
NOC,1300725900,68.21
NOC,1300726800,68.09
NOC,1300727700,68.09
NOC,1300728600,68.01
NOC,1300729500,68.09
NOC,1300730400,68.03
NOC,1300731300,67.98
NOC,1300732200,67.82
NOC,1300733100,67.8
NOC,1300734000,67.82
NOC,1300734900,67.86
NOC,1300735800,68.03
NOC,1300736700,68.21
NOC,1300737600,68.22
NOC,1300738500,68.28
NOC,1300739400,68.28
NOC,1300740300,68.28
NOC,1300741200,68.28
NOC,1300742100,68.28
NOC,1300743000,68.28
NOC,1300743900,68.28
NOC,1300744800,68.28
NOC,1300745700,68.28
NOC,1300746600,68.28
NOC,1300747500,68.28
NOC,1300748400,68.28
NOC,1300749300,68.28
NOC,1300750200,68.28
NOC,1300751100,68.28
NOC,1300796100,68.16
NOC,1300797000,68.16
NOC,1300797900,68.16
NOC,1300798800,68.16
NOC,1300799700,68.16
NOC,1300800600,68.01
NOC,1300801500,68.22
NOC,1300802400,68.35
NOC,1300803300,68.47
NOC,1300804200,68.35
NOC,1300805100,68.2
NOC,1300806000,68.17
NOC,1300806900,68.06
NOC,1300807800,68.08
NOC,1300808700,68.05
NOC,1300809600,67.98
NOC,1300810500,68.0
NOC,1300811400,68.01
NOC,1300812300,68.06
NOC,1300813200,68.04
NOC,1300814100,68.03
NOC,1300815000,67.92
NOC,1300815900,67.91
NOC,1300816800,67.9
NOC,1300817700,68.0
NOC,1300818600,68.0
NOC,1300819500,68.0
NOC,1300820400,68.02
NOC,1300821300,68.01
NOC,1300822200,68.07
NOC,1300823100,68.03
NOC,1300824000,67.98
NOC,1300824900,67.98
NOC,1300825800,68.07
NOC,1300826700,68.07
NOC,1300827600,68.07
NOC,1300828500,68.07
NOC,1300829400,68.0
NOC,1300830300,68.0
NOC,1300831200,68.0
NOC,1300832100,68.0
NOC,1300833000,68.0
NOC,1300833900,68.0
NOC,1300834800,68.0
NOC,1300835700,68.0
NOC,1300836600,68.0
NOC,1300837500,68.0
NOC,1300887000,67.63
NOC,1300887900,67.5
NOC,1300888800,67.51
NOC,1300889700,67.66
NOC,1300890600,67.46
NOC,1300891500,67.49
NOC,1300892400,67.26
NOC,1300893300,67.3
NOC,1300894200,67.3
NOC,1300895100,67.31
NOC,1300896000,67.36
NOC,1300896900,67.52
NOC,1300897800,67.53
NOC,1300898700,67.27
NOC,1300899600,67.38
NOC,1300900500,67.42
NOC,1300901400,67.37
NOC,1300902300,67.39
NOC,1300903200,67.42
NOC,1300904100,67.41
NOC,1300905000,67.6
NOC,1300905900,67.76
NOC,1300906800,67.86
NOC,1300907700,67.76
NOC,1300908600,67.92
NOC,1300909500,67.77
NOC,1300910400,67.77
NOC,1300911300,67.77
NOC,1300912200,67.77
NOC,1300913100,67.77
NOC,1300914000,67.77
NOC,1300914900,67.77
NOC,1300915800,67.77
NOC,1300916700,67.77
NOC,1300917600,67.77
NOC,1300918500,67.77
NOC,1300919400,67.77
NOC,1300920300,67.77
NOC,1300921200,67.77
NOC,1300922100,67.77
NOC,1300923000,67.77
NOC,1300923900,67.77
NOC,1300972500,68.1
NOC,1300973400,67.55
NOC,1300974300,67.56
NOC,1300975200,67.57
NOC,1300976100,67.61
NOC,1300977000,67.77
NOC,1300977900,68.03
NOC,1300978800,67.86
NOC,1300979700,67.84
NOC,1300980600,68.01
NOC,1300981500,68.1
NOC,1300982400,68.15
NOC,1300983300,68.14
NOC,1300984200,68.03
NOC,1300985100,68.04
NOC,1300986000,68.04
NOC,1300986900,68.06
NOC,1300987800,67.95
NOC,1300988700,67.84
NOC,1300989600,67.88
NOC,1300990500,67.92
NOC,1300991400,67.92
NOC,1300992300,67.86
NOC,1300993200,67.93
NOC,1300994100,68.08
NOC,1300995000,68.06
NOC,1300995900,68.07
NOC,1300996800,68.05
NOC,1300997700,68.21
NOC,1300998600,68.21
NOC,1300999500,68.21
NOC,1301000400,68.21
NOC,1301001300,68.21
NOC,1301002200,68.21
NOC,1301003100,68.21
NOC,1301004000,68.05
NOC,1301004900,68.05
NOC,1301005800,68.05
NOC,1301006700,68.05
NOC,1301007600,68.05
NOC,1301008500,68.05
NOC,1301009400,68.05
NOC,1301010300,68.05
NOC,1301059800,67.47
NOC,1301060700,67.64
NOC,1301061600,67.73
NOC,1301062500,67.96
NOC,1301063400,68.09
NOC,1301064300,68.26
NOC,1301065200,68.21
NOC,1301066100,68.32
NOC,1301067000,68.31
NOC,1301067900,68.39
NOC,1301068800,68.38
NOC,1301069700,68.3
NOC,1301070600,68.2
NOC,1301071500,68.24
NOC,1301072400,68.21
NOC,1301073300,68.22
NOC,1301074200,68.2
NOC,1301075100,68.23
NOC,1301076000,68.27
NOC,1301076900,68.21
NOC,1301077800,68.19
NOC,1301078700,68.2
NOC,1301079600,68.22
NOC,1301080500,68.22
NOC,1301081400,68.43
NOC,1301082300,68.4
NOC,1301083200,68.42
NOC,1301084100,68.42
NOC,1301085000,68.42
NOC,1301085900,68.42
NOC,1301086800,68.42
NOC,1301087700,68.42
NOC,1301088600,68.42
NOC,1301089500,68.42
NOC,1301090400,68.42
NOC,1301091300,68.42
NOC,1301092200,68.42
NOC,1301093100,68.42
NOC,1301094000,68.42
NOC,1301094900,68.42
NOC,1301095800,68.42
NOC,1301096700,68.42
NOC,1301319000,68.02
NOC,1301319900,68.16
NOC,1301320800,68.28
NOC,1301321700,68.11
NOC,1301322600,68.4
NOC,1301323500,68.38
NOC,1301324400,68.4
NOC,1301325300,68.33
NOC,1301326200,68.34
NOC,1301327100,68.31
NOC,1301328000,68.26
NOC,1301328900,68.28
NOC,1301329800,68.28
NOC,1301330700,68.23
NOC,1301331600,68.37
NOC,1301332500,68.27
NOC,1301333400,68.15
NOC,1301334300,68.11
NOC,1301335200,68.06
NOC,1301336100,68.14
NOC,1301337000,68.27
NOC,1301337900,68.25
NOC,1301338800,68.25
NOC,1301339700,68.27
NOC,1301340600,68.12
NOC,1301341500,67.93
NOC,1301342400,67.92
NOC,1301343300,67.92
NOC,1301344200,67.92
NOC,1301345100,67.92
NOC,1301346000,67.92
NOC,1301346900,67.92
NOC,1301347800,67.92
NOC,1301348700,67.92
NOC,1301349600,67.92
NOC,1301350500,67.92
NOC,1301351400,67.92
NOC,1301352300,67.92
NOC,1301353200,67.92
NOC,1301354100,67.92
NOC,1301355000,67.9
NOC,1301355900,67.9
NOC,1301404500,67.6
NOC,1301405400,67.53
NOC,1301406300,67.51
NOC,1301407200,67.62
NOC,1301408100,67.65
NOC,1301409000,67.62
NOC,1301409900,67.77
NOC,1301410800,67.81
NOC,1301411700,67.9
NOC,1301412600,67.81
NOC,1301413500,67.78
NOC,1301414400,67.81
NOC,1301415300,67.77
NOC,1301416200,67.75
NOC,1301417100,67.79
NOC,1301418000,67.92
NOC,1301418900,67.91
NOC,1301419800,67.92
NOC,1301420700,67.91
NOC,1301421600,68.13
NOC,1301422500,68.22
NOC,1301423400,68.27
NOC,1301424300,68.33
NOC,1301425200,68.32
NOC,1301426100,68.39
NOC,1301427000,68.24
NOC,1301427900,68.21
NOC,1301428800,68.21
NOC,1301429700,68.21
NOC,1301430600,67.8
NOC,1301431500,67.8
NOC,1301432400,67.8
NOC,1301433300,67.8
NOC,1301434200,67.8
NOC,1301435100,67.8
NOC,1301436000,67.8
NOC,1301436900,67.8
NOC,1301437800,67.8
NOC,1301438700,67.8
NOC,1301439600,67.8
NOC,1301440500,67.8
NOC,1301441400,67.8
NOC,1301442300,67.8
NOC,1301491800,67.87
NOC,1301492700,67.74
NOC,1301493600,67.71
NOC,1301494500,67.82
NOC,1301495400,68.13
NOC,1301496300,68.15
NOC,1301497200,68.15
NOC,1301498100,68.13
NOC,1301499000,68.12
NOC,1301499900,67.83
NOC,1301500800,67.81
NOC,1301501700,67.77
NOC,1301502600,67.85
NOC,1301503500,67.79
NOC,1301504400,68.03
NOC,1301505300,68.03
NOC,1301506200,68.06
NOC,1301507100,68.09
NOC,1301508000,68.06
NOC,1301508900,68.08
NOC,1301509800,68.04
NOC,1301510700,68.07
NOC,1301511600,68.22
NOC,1301512500,68.15
NOC,1301513400,68.44
NOC,1301514300,68.58
NOC,1301515200,68.66
NOC,1301516100,68.51
NOC,1301517000,68.51
NOC,1301517900,68.51
NOC,1301518800,68.51
NOC,1301519700,68.51
NOC,1301520600,68.51
NOC,1301521500,68.51
NOC,1301522400,68.51
NOC,1301523300,68.51
NOC,1301524200,68.51
NOC,1301525100,68.51
NOC,1301526000,68.51
NOC,1301526900,68.51
NOC,1301527800,68.51
NOC,1301528700,68.51
NOC,1301571000,62.03
NOC,1301571900,62.03
NOC,1301572800,62.03
NOC,1301573700,62.54
NOC,1301574600,62.28
NOC,1301575500,62.28
NOC,1301576400,62.28
NOC,1301577300,62.48
NOC,1301578200,62.76
NOC,1301579100,62.94
NOC,1301580000,62.89
NOC,1301580900,62.86
NOC,1301581800,62.77
NOC,1301582700,62.45
NOC,1301583600,62.51
NOC,1301584500,62.43
NOC,1301585400,62.36
NOC,1301586300,62.35
NOC,1301587200,62.46
NOC,1301588100,62.59
NOC,1301589000,62.66
NOC,1301589900,62.7
NOC,1301590800,62.69
NOC,1301591700,62.82
NOC,1301592600,62.89
NOC,1301593500,62.95
NOC,1301594400,63.02
NOC,1301595300,62.88
NOC,1301596200,62.77
NOC,1301597100,62.77
NOC,1301598000,62.74
NOC,1301598900,62.75
NOC,1301599800,62.76
NOC,1301600700,62.67
NOC,1301601600,62.75
NOC,1301602500,62.74
NOC,1301603400,62.74
NOC,1301604300,62.74
NOC,1301605200,62.74
NOC,1301606100,62.74
NOC,1301607000,62.74
NOC,1301607900,62.74
NOC,1301608800,62.74
NOC,1301609700,62.74
NOC,1301610600,62.75
NOC,1301611500,62.75
NOC,1301612400,62.75
NOC,1301613300,62.75
NOC,1301614200,62.75
NOC,1301615100,62.75
NOC,1301662800,62.99
NOC,1301663700,62.75
NOC,1301664600,63.24
NOC,1301665500,63.15
NOC,1301666400,63.33
NOC,1301667300,63.25
NOC,1301668200,63.52
NOC,1301669100,63.4
NOC,1301670000,63.44
NOC,1301670900,63.41
NOC,1301671800,63.41
NOC,1301672700,63.33
NOC,1301673600,63.36
NOC,1301674500,63.43
NOC,1301675400,63.37
NOC,1301676300,63.38
NOC,1301677200,63.27
NOC,1301678100,63.19
NOC,1301679000,63.28
NOC,1301679900,63.25
NOC,1301680800,63.32
NOC,1301681700,63.29
NOC,1301682600,63.15
NOC,1301683500,63.07
NOC,1301684400,62.92
NOC,1301685300,62.96
NOC,1301686200,62.99
NOC,1301687100,62.95
NOC,1301688000,62.97
NOC,1301688900,62.97
NOC,1301689800,62.97
NOC,1301690700,62.97
NOC,1301691600,62.97
NOC,1301692500,62.97
NOC,1301693400,62.97
NOC,1301694300,62.97
NOC,1301695200,62.97
NOC,1301696100,62.97
NOC,1301697000,62.97
NOC,1301697900,62.97
NOC,1301698800,62.97
NOC,1301699700,62.97
NOC,1301700600,62.97
NOC,1301701500,62.97
NOC,1301919300,62.9
NOC,1301920200,62.9
NOC,1301921100,62.9
NOC,1301922000,63.0
NOC,1301922900,63.49
NOC,1301923800,62.3
NOC,1301924700,61.77
NOC,1301925600,61.8
NOC,1301926500,61.81
NOC,1301927400,61.85
NOC,1301928300,61.87
NOC,1301929200,61.95
NOC,1301930100,62.16
NOC,1301931000,62.25
NOC,1301931900,62.22
NOC,1301932800,62.23
NOC,1301933700,62.21
NOC,1301934600,62.23
NOC,1301935500,62.22
NOC,1301936400,62.26
NOC,1301937300,62.35
NOC,1301938200,62.27
NOC,1301939100,62.2
NOC,1301940000,62.17
NOC,1301940900,62.13
NOC,1301941800,62.18
NOC,1301942700,62.12
NOC,1301943600,62.21
NOC,1301944500,62.37
NOC,1301945400,62.55
NOC,1301946300,62.57
NOC,1301947200,62.58
NOC,1301948100,62.58
NOC,1301949000,62.58
NOC,1301949900,62.58
NOC,1301950800,62.58
NOC,1301951700,62.58
NOC,1301952600,62.58
NOC,1301953500,62.58
NOC,1301954400,62.58
NOC,1301955300,62.58
NOC,1301956200,62.58
NOC,1301957100,62.58
NOC,1301958000,62.58
NOC,1301958900,62.58
NOC,1301959800,62.58
NOC,1301960700,62.58
NOC,1302010200,62.52
NOC,1302011100,62.66
NOC,1302012000,62.6
NOC,1302012900,62.69
NOC,1302013800,62.64
NOC,1302014700,62.49
NOC,1302015600,62.62
NOC,1302016500,62.7
NOC,1302017400,62.73
NOC,1302018300,62.9
NOC,1302019200,62.86
NOC,1302020100,62.82
NOC,1302021000,62.89
NOC,1302021900,62.8
NOC,1302022800,62.77
NOC,1302023700,62.79
NOC,1302024600,62.82
NOC,1302025500,62.75
NOC,1302026400,62.57
NOC,1302027300,62.59
NOC,1302028200,62.46
NOC,1302029100,62.55
NOC,1302030000,62.51
NOC,1302030900,62.36
NOC,1302031800,62.29
NOC,1302032700,62.2
NOC,1302033600,62.21
NOC,1302034500,62.21
NOC,1302035400,62.21
NOC,1302036300,62.21
NOC,1302037200,62.21
NOC,1302038100,62.21
NOC,1302039000,62.21
NOC,1302039900,62.21
NOC,1302040800,62.21
NOC,1302041700,62.21
NOC,1302042600,62.21
NOC,1302043500,62.21
NOC,1302044400,62.21
NOC,1302045300,62.21
NOC,1302046200,62.21
NOC,1302047100,62.21
NOC,1302096600,62.27
NOC,1302097500,61.95
NOC,1302098400,61.8
NOC,1302099300,61.76
NOC,1302100200,61.93
NOC,1302101100,61.87
NOC,1302102000,61.83
NOC,1302102900,61.78
NOC,1302103800,61.73
NOC,1302104700,61.66
NOC,1302105600,61.84
NOC,1302106500,62.06
NOC,1302107400,62.03
NOC,1302108300,62.01
NOC,1302109200,61.99
NOC,1302110100,61.98
NOC,1302111000,62.01
NOC,1302111900,62.01
NOC,1302112800,61.99
NOC,1302113700,61.99
NOC,1302114600,61.99
NOC,1302115500,61.98
NOC,1302116400,62.03
NOC,1302117300,62.02
NOC,1302118200,62.02
NOC,1302119100,62.36
NOC,1302120000,62.36
NOC,1302120900,62.36
NOC,1302121800,62.36
NOC,1302122700,62.36
NOC,1302123600,62.36
NOC,1302124500,62.36
NOC,1302125400,62.36
NOC,1302126300,62.36
NOC,1302127200,62.36
NOC,1302128100,62.36
NOC,1302129000,62.36
NOC,1302129900,62.36
NOC,1302130800,62.36
NOC,1302131700,62.36
NOC,1302132600,62.36
NOC,1302133500,62.36
NOC,1302183000,62.08
NOC,1302183900,62.45
NOC,1302184800,62.53
NOC,1302185700,62.61
NOC,1302186600,62.3
NOC,1302187500,62.61
NOC,1302188400,62.56
NOC,1302189300,62.48
NOC,1302190200,62.49
NOC,1302191100,62.52
NOC,1302192000,62.61
NOC,1302192900,62.64
NOC,1302193800,62.76
NOC,1302194700,62.75
NOC,1302195600,62.7
NOC,1302196500,62.65
NOC,1302197400,62.55
NOC,1302198300,62.46
NOC,1302199200,62.43
NOC,1302200100,62.33
NOC,1302201000,62.4
NOC,1302201900,62.39
NOC,1302202800,62.39
NOC,1302203700,62.42
NOC,1302204600,62.5
NOC,1302205500,62.52
NOC,1302206400,62.54
NOC,1302207300,62.54
NOC,1302208200,62.54
NOC,1302209100,62.54
NOC,1302210000,62.54
NOC,1302210900,62.54
NOC,1302211800,62.54
NOC,1302212700,62.54
NOC,1302213600,62.54
NOC,1302214500,62.54
NOC,1302215400,62.54
NOC,1302216300,62.54
NOC,1302217200,62.54
NOC,1302218100,62.54
NOC,1302219000,62.54
NOC,1302219900,62.54
NOC,1302268500,62.54
NOC,1302269400,62.28
NOC,1302270300,62.36
NOC,1302271200,62.46
NOC,1302272100,62.52
NOC,1302273000,62.54
NOC,1302273900,62.52
NOC,1302274800,62.48
NOC,1302275700,62.46
NOC,1302276600,62.52
NOC,1302277500,62.48
NOC,1302278400,62.48
NOC,1302279300,62.48
NOC,1302280200,62.43
NOC,1302281100,62.38
NOC,1302282000,62.37
NOC,1302282900,62.5
NOC,1302283800,62.48
NOC,1302284700,62.55
NOC,1302285600,62.5
NOC,1302286500,62.51
NOC,1302287400,62.38
NOC,1302288300,62.25
NOC,1302289200,62.34
NOC,1302290100,62.31
NOC,1302291000,62.38
NOC,1302291900,62.4
NOC,1302292800,62.38
NOC,1302293700,62.38
NOC,1302294600,62.38
NOC,1302295500,62.38
NOC,1302296400,62.38
NOC,1302297300,62.38
NOC,1302298200,62.38
NOC,1302299100,62.38
NOC,1302300000,62.38
NOC,1302300900,62.38
NOC,1302301800,62.38
NOC,1302302700,62.38
NOC,1302303600,62.38
NOC,1302304500,62.38
NOC,1302305400,62.38
NOC,1302306300,62.38
NOC,1302528600,62.93
NOC,1302529500,63.0
NOC,1302530400,63.02
NOC,1302531300,63.04
NOC,1302532200,63.12
NOC,1302533100,63.21
NOC,1302534000,63.2
NOC,1302534900,63.22
NOC,1302535800,63.25
NOC,1302536700,63.12
NOC,1302537600,63.2
NOC,1302538500,63.31
NOC,1302539400,63.16
NOC,1302540300,63.15
NOC,1302541200,63.04
NOC,1302542100,62.96
NOC,1302543000,62.87
NOC,1302543900,62.81
NOC,1302544800,62.84
NOC,1302545700,62.86
NOC,1302546600,62.89
NOC,1302547500,62.86
NOC,1302548400,62.82
NOC,1302549300,62.86
NOC,1302550200,62.91
NOC,1302551100,62.97
NOC,1302552000,62.95
NOC,1302552900,62.95
NOC,1302553800,62.95
NOC,1302554700,62.95
NOC,1302555600,62.95
NOC,1302556500,62.95
NOC,1302557400,62.95
NOC,1302558300,62.95
NOC,1302559200,62.95
NOC,1302560100,62.95
NOC,1302561000,62.95
NOC,1302561900,62.95
NOC,1302562800,62.95
NOC,1302563700,62.95
NOC,1302564600,62.95
NOC,1302565500,62.95
NOC,1302615000,62.97
NOC,1302615900,62.98
NOC,1302616800,62.97
NOC,1302617700,63.01
NOC,1302618600,62.89
NOC,1302619500,62.81
NOC,1302620400,63.04
NOC,1302621300,62.98
NOC,1302622200,63.01
NOC,1302623100,63.01
NOC,1302624000,63.02
NOC,1302624900,62.9
NOC,1302625800,62.82
NOC,1302626700,62.78
NOC,1302627600,62.7
NOC,1302628500,62.82
NOC,1302629400,62.72
NOC,1302630300,62.85
NOC,1302631200,62.99
NOC,1302632100,62.97
NOC,1302633000,63.01
NOC,1302633900,62.94
NOC,1302634800,62.87
NOC,1302635700,62.72
NOC,1302636600,62.87
NOC,1302637500,62.87
NOC,1302638400,62.84
NOC,1302639300,62.84
NOC,1302640200,62.84
NOC,1302641100,62.84
NOC,1302642000,62.84
NOC,1302642900,62.84
NOC,1302643800,62.84
NOC,1302644700,62.84
NOC,1302645600,62.84
NOC,1302646500,62.84
NOC,1302647400,62.84
NOC,1302648300,62.84
NOC,1302649200,62.84
NOC,1302650100,62.84
NOC,1302651000,62.84
NOC,1302651900,62.84
NOC,1302701400,62.72
NOC,1302702300,62.38
NOC,1302703200,62.2
NOC,1302704100,61.88
NOC,1302705000,61.98
NOC,1302705900,61.98
NOC,1302706800,61.95
NOC,1302707700,61.95
NOC,1302708600,61.74
NOC,1302709500,61.53
NOC,1302710400,61.5
NOC,1302711300,61.47
NOC,1302712200,61.47
NOC,1302713100,61.53
NOC,1302714000,61.55
NOC,1302714900,61.56
NOC,1302715800,61.42
NOC,1302716700,61.33
NOC,1302717600,61.32
NOC,1302718500,61.49
NOC,1302719400,61.6
NOC,1302720300,61.54
NOC,1302721200,61.53
NOC,1302722100,61.6
NOC,1302723000,61.63
NOC,1302723900,61.54
NOC,1302724800,61.53
NOC,1302725700,61.53
NOC,1302726600,61.53
NOC,1302727500,61.53
NOC,1302728400,61.53
NOC,1302729300,61.53
NOC,1302730200,61.53
NOC,1302731100,61.53
NOC,1302732000,61.53
NOC,1302732900,61.53
NOC,1302733800,61.53
NOC,1302734700,61.53
NOC,1302735600,61.53
NOC,1302736500,61.53
NOC,1302737400,61.53
NOC,1302738300,61.53
NOC,1302787800,60.62
NOC,1302788700,60.79
NOC,1302789600,60.61
NOC,1302790500,60.65
NOC,1302791400,60.65
NOC,1302792300,60.7
NOC,1302793200,60.6
NOC,1302794100,60.67
NOC,1302795000,60.69
NOC,1302795900,60.77
NOC,1302796800,60.95
NOC,1302797700,61.28
NOC,1302798600,61.13
NOC,1302799500,61.04
NOC,1302800400,61.09
NOC,1302801300,61.12
NOC,1302802200,61.12
NOC,1302803100,61.05
NOC,1302804000,61.12
NOC,1302804900,61.06
NOC,1302805800,60.98
NOC,1302806700,61.01
NOC,1302807600,61.19
NOC,1302808500,61.19
NOC,1302809400,61.24
NOC,1302810300,61.28
NOC,1302811200,61.29
NOC,1302812100,61.29
NOC,1302813000,61.29
NOC,1302813900,61.29
NOC,1302814800,61.29
NOC,1302815700,61.29
NOC,1302816600,61.29
NOC,1302817500,61.29
NOC,1302818400,61.29
NOC,1302819300,61.29
NOC,1302820200,61.29
NOC,1302821100,61.29
NOC,1302822000,61.29
NOC,1302822900,61.29
NOC,1302823800,61.29
NOC,1302824700,61.29
NOC,1302874200,61.4
NOC,1302875100,61.63
NOC,1302876000,61.5
NOC,1302876900,61.25
NOC,1302877800,61.02
NOC,1302878700,61.02
NOC,1302879600,61.03
NOC,1302880500,61.17
NOC,1302881400,61.14
NOC,1302882300,61.16
NOC,1302883200,61.3
NOC,1302884100,61.43
NOC,1302885000,61.48
NOC,1302885900,61.59
NOC,1302886800,61.53
NOC,1302887700,61.44
NOC,1302888600,61.53
NOC,1302889500,61.54
NOC,1302890400,61.51
NOC,1302891300,61.49
NOC,1302892200,61.56
NOC,1302893100,61.52
NOC,1302894000,61.39
NOC,1302894900,61.4
NOC,1302895800,61.25
NOC,1302896700,61.3
NOC,1302897600,61.29
NOC,1302898500,61.29
NOC,1302899400,61.29
NOC,1302900300,61.29
NOC,1302901200,61.29
NOC,1302902100,61.29
NOC,1302903000,61.29
NOC,1302903900,61.29
NOC,1302904800,61.29
NOC,1302905700,61.29
NOC,1302906600,61.29
NOC,1302907500,61.29
NOC,1302908400,61.29
NOC,1302909300,61.29
NOC,1302910200,61.29
NOC,1302911100,61.29
NOC,1303133400,60.65
NOC,1303134300,60.15
NOC,1303135200,60.18
NOC,1303136100,60.13
NOC,1303137000,59.93
NOC,1303137900,60.01
NOC,1303138800,60.17
NOC,1303139700,60.32
NOC,1303140600,60.4
NOC,1303141500,60.6
NOC,1303142400,60.58
NOC,1303143300,60.54
NOC,1303144200,60.59
NOC,1303145100,60.61
NOC,1303146000,60.4
NOC,1303146900,60.4
NOC,1303147800,60.45
NOC,1303148700,60.47
NOC,1303149600,60.57
NOC,1303150500,60.44
NOC,1303151400,60.6
NOC,1303152300,60.54
NOC,1303153200,60.49
NOC,1303154100,60.49
NOC,1303155000,60.32
NOC,1303155900,60.42
NOC,1303156800,60.42
NOC,1303157700,60.42
NOC,1303158600,60.42
NOC,1303159500,60.42
NOC,1303160400,60.42
NOC,1303161300,60.42
NOC,1303162200,60.42
NOC,1303163100,60.42
NOC,1303164000,60.42
NOC,1303164900,60.42
NOC,1303165800,60.42
NOC,1303166700,60.42
NOC,1303167600,60.42
NOC,1303168500,60.42
NOC,1303169400,60.42
NOC,1303170300,60.42
NOC,1303219800,60.77
NOC,1303220700,60.65
NOC,1303221600,60.52
NOC,1303222500,60.44
NOC,1303223400,60.38
NOC,1303224300,60.46
NOC,1303225200,60.46
NOC,1303226100,60.49
NOC,1303227000,60.53
NOC,1303227900,60.55
NOC,1303228800,60.49
NOC,1303229700,60.57
NOC,1303230600,60.45
NOC,1303231500,60.44
NOC,1303232400,60.54
NOC,1303233300,60.6
NOC,1303234200,60.63
NOC,1303235100,60.59
NOC,1303236000,60.53
NOC,1303236900,60.49
NOC,1303237800,60.54
NOC,1303238700,60.51
NOC,1303239600,60.6
NOC,1303240500,60.57
NOC,1303241400,60.56
NOC,1303242300,60.59
NOC,1303243200,60.62
NOC,1303244100,60.62
NOC,1303245000,60.62
NOC,1303245900,60.62
NOC,1303246800,60.62
NOC,1303247700,60.62
NOC,1303248600,60.62
NOC,1303249500,60.62
NOC,1303250400,60.62
NOC,1303251300,60.62
NOC,1303252200,60.62
NOC,1303253100,60.62
NOC,1303254000,60.62
NOC,1303254900,60.62
NOC,1303255800,60.62
NOC,1303256700,60.62
NOC,1303306200,61.86
NOC,1303307100,61.74
NOC,1303308000,61.87
NOC,1303308900,61.84
NOC,1303309800,61.72
NOC,1303310700,61.72
NOC,1303311600,61.78
NOC,1303312500,61.79
NOC,1303313400,61.77
NOC,1303314300,61.7
NOC,1303315200,61.71
NOC,1303316100,61.61
NOC,1303317000,61.59
NOC,1303317900,61.51
NOC,1303318800,61.58
NOC,1303319700,61.55
NOC,1303320600,61.59
NOC,1303321500,61.61
NOC,1303322400,61.64
NOC,1303323300,61.68
NOC,1303324200,61.79
NOC,1303325100,61.89
NOC,1303326000,61.83
NOC,1303326900,61.86
NOC,1303327800,61.9
NOC,1303328700,61.84
NOC,1303329600,61.83
NOC,1303330500,61.83
NOC,1303331400,61.83
NOC,1303332300,61.83
NOC,1303333200,61.83
NOC,1303334100,61.83
NOC,1303335000,61.83
NOC,1303335900,61.83
NOC,1303336800,61.83
NOC,1303337700,61.83
NOC,1303338600,61.83
NOC,1303339500,61.83
NOC,1303340400,61.83
NOC,1303341300,61.83
NOC,1303342200,61.83
NOC,1303343100,61.83
NOC,1303387200,61.87
NOC,1303388100,61.87
NOC,1303389000,61.87
NOC,1303389900,61.87
NOC,1303390800,61.87
NOC,1303391700,61.74
NOC,1303392600,61.27
NOC,1303393500,61.61
NOC,1303394400,61.6
NOC,1303395300,61.69
NOC,1303396200,61.78
NOC,1303397100,61.74
NOC,1303398000,61.67
NOC,1303398900,61.76
NOC,1303399800,61.86
NOC,1303400700,61.83
NOC,1303401600,61.77
NOC,1303402500,61.78
NOC,1303403400,61.77
NOC,1303404300,61.74
NOC,1303405200,61.74
NOC,1303406100,61.65
NOC,1303407000,61.62
NOC,1303407900,61.65
NOC,1303408800,61.69
NOC,1303409700,61.79
NOC,1303410600,61.76
NOC,1303411500,61.76
NOC,1303412400,61.81
NOC,1303413300,61.7
NOC,1303414200,61.69
NOC,1303415100,61.74
NOC,1303416000,61.74
NOC,1303416900,61.74
NOC,1303417800,61.74
NOC,1303418700,61.74
NOC,1303419600,61.74
NOC,1303420500,61.74
NOC,1303421400,61.74
NOC,1303422300,61.74
NOC,1303423200,61.74
NOC,1303424100,61.74
NOC,1303425000,61.74
NOC,1303425900,61.74
NOC,1303426800,61.74
NOC,1303427700,61.74
NOC,1303428600,61.74
NOC,1303429500,61.74
