DATE;TIME;VOLUME;OPEN;CLOSE;MIN;MAX
03/19/10;18:10:01;505;27.3;27.25;27.21;27.33
03/19/10;18:20:01;641;27.24;27.31;27.21;27.31
03/19/10;18:30:01;529;27.31;27.25;27.24;27.34
03/19/10;18:40:01;668;27.24;27.24;27.19;27.29
03/19/10;18:50:01;639;27.24;27.21;27.19;27.29
03/19/10;19:00:01;685;27.21;27.22;27.16;27.28
03/19/10;19:10:01;680;27.22;27.22;27.15;27.24
03/19/10;19:20:01;781;27.22;27.12;27.09;27.25
03/19/10;19:30:01;867;27.12;27.07;27.02;27.13
03/19/10;19:40:01;904;27.07;27.22;27.04;27.23
03/19/10;19:50:01;755;27.19;27.18;27.14;27.24
03/19/10;20:00:01;224;27.18;27.18;27.16;27.23
03/19/10;20:10:01;168;27.19;27.19;27.16;27.22
03/19/10;20:20:01;173;27.2;27.18;27.17;27.22
03/19/10;20:30:01;158;27.19;27.23;27.17;27.23
03/19/10;20:40:01;173;27.24;27.21;27.17;27.24
03/19/10;20:50:01;165;27.2;27.19;27.17;27.21
03/22/10;14:30:01;919;27.11;26.94;26.9;27.11
03/22/10;14:40:01;777;26.96;26.97;26.89;27.02
03/22/10;14:50:01;958;26.97;26.95;26.94;27.04
03/22/10;15:00:01;1241;26.94;27.1;26.93;27.1
03/22/10;15:10:01;972;27.1;26.99;26.97;27.12
03/22/10;15:20:01;851;26.98;27;26.97;27.08
03/22/10;15:30:01;982;27.01;26.94;26.9;27.02
03/22/10;15:40:01;926;26.94;26.97;26.87;27.02
03/22/10;15:50:01;790;26.98;27.04;26.94;27.07
03/22/10;16:00:01;945;27.05;26.99;26.95;27.06
03/22/10;16:10:01;834;26.99;27;26.95;27.06
03/22/10;16:20:01;717;27.01;27.06;26.98;27.07
03/22/10;16:30:01;824;27.05;27.03;27;27.09
03/22/10;16:40:01;471;27.03;27.05;27;27.09
03/22/10;16:50:01;648;27.05;27.09;27.02;27.15
03/22/10;17:00:01;940;27.09;27.15;27.06;27.19
03/22/10;17:10:01;618;27.15;27.13;27.1;27.19
03/22/10;17:20:01;461;27.13;27.07;27.07;27.16
03/22/10;17:30:01;592;27.1;27.13;27.08;27.17
03/22/10;17:40:01;1074;27.14;27.18;27.11;27.23
03/22/10;17:50:01;692;27.18;27.17;27.14;27.21
03/22/10;18:00:01;868;27.17;27.18;27.12;27.22
03/22/10;18:10:01;885;27.15;27.15;27.11;27.19
03/22/10;18:20:01;1280;27.16;27.1;27.08;27.18
03/22/10;18:30:01;1089;27.12;27.17;27.1;27.2
03/22/10;18:40:01;938;27.17;27.2;27.14;27.23
03/22/10;18:50:01;946;27.2;27.14;27.12;27.23
03/22/10;19:00:01;964;27.14;27.11;27.1;27.21
03/22/10;19:10:01;982;27.13;27.2;27.1;27.21
03/22/10;19:20:01;996;27.18;27.13;27.13;27.2
03/22/10;19:30:01;1085;27.13;27.11;27.06;27.18
03/22/10;19:40:01;1436;27.11;27.11;27.05;27.14
03/22/10;19:50:01;2282;27.09;27.06;27.01;27.14
03/22/10;20:00:01;215;27.07;27.08;27.03;27.11
03/22/10;20:10:01;162;27.08;27.09;27.05;27.09
03/22/10;20:20:01;167;27.09;27.09;27.04;27.11
03/22/10;20:30:01;156;27.09;27.08;27.05;27.11
03/22/10;20:40:01;152;27.08;27.04;27.02;27.09
03/22/10;20:50:01;149;27.04;27.03;27.02;27.04
03/23/10;14:30:01;800;27.01;26.97;26.93;27.03
03/23/10;14:40:01;998;26.98;26.93;26.88;27
03/23/10;14:50:01;979;26.92;26.86;26.81;26.95
03/23/10;15:00:01;1171;26.84;26.75;26.72;26.88
03/23/10;15:10:01;1220;26.74;26.79;26.71;26.83
03/23/10;15:20:01;928;26.78;26.74;26.71;26.83
03/23/10;15:30:01;947;26.75;26.75;26.7;26.81
03/23/10;15:40:01;1286;26.75;26.78;26.71;26.83
03/23/10;15:50:01;826;26.76;26.78;26.72;26.8
03/23/10;16:00:01;768;26.78;26.78;26.73;26.81
03/23/10;16:10:01;1009;26.78;26.75;26.71;26.81
03/23/10;16:20:01;950;26.75;26.85;26.72;26.86
03/23/10;16:30:01;936;26.84;26.8;26.76;26.88
03/23/10;16:40:01;710;26.82;26.78;26.76;26.86
03/23/10;16:50:01;559;26.77;26.81;26.77;26.87
03/23/10;17:00:01;652;26.81;26.82;26.79;26.88
03/23/10;17:10:01;758;26.82;26.86;26.79;26.9
03/23/10;17:20:01;780;26.87;26.87;26.83;26.91
03/23/10;17:30:01;664;26.88;26.88;26.83;26.93
03/23/10;17:40:01;901;26.88;26.9;26.86;26.94
03/23/10;17:50:01;994;26.91;26.89;26.87;26.96
03/23/10;18:00:01;799;26.88;26.97;26.88;26.99
03/23/10;18:10:01;668;26.97;26.95;26.93;27.03
03/23/10;18:20:01;650;26.96;26.99;26.94;27.02
03/23/10;18:30:01;708;26.99;26.98;26.92;27.02
03/23/10;18:40:01;707;27;26.99;26.95;27.03
03/23/10;18:50:01;843;26.99;26.97;26.91;27.01
03/23/10;19:00:01;1027;26.98;27.02;26.92;27.03
03/23/10;19:10:01;1383;27.01;26.99;26.95;27.06
03/23/10;19:20:01;1183;27;27.03;26.96;27.07
03/23/10;19:30:01;1189;27.03;27.06;26.97;27.1
03/23/10;19:40:01;1349;27.06;27.04;27.01;27.11
03/23/10;19:50:01;2423;27.04;27.05;27;27.13
03/23/10;20:00:01;227;27.05;27.04;27.01;27.09
03/23/10;20:10:01;174;27.03;27.05;27.01;27.08
03/23/10;20:20:01;163;27.05;27.04;27.03;27.09
03/23/10;20:30:01;141;27.03;27.03;27.03;27.07
03/23/10;20:40:01;145;27.04;27.04;27.03;27.05
03/23/10;20:50:01;150;27.04;27.03;27.03;27.05
03/24/10;14:30:01;1313;27.09;27.07;27.05;27.13
03/24/10;14:40:01;1058;27.07;27.08;27.02;27.11
03/24/10;14:50:01;1107;27.08;27.1;27.02;27.17
03/24/10;15:00:01;1137;27.1;27.1;27.03;27.16
03/24/10;15:10:01;1308;27.08;27.08;27.01;27.15
03/24/10;15:20:01;1035;27.05;27.04;26.99;27.09
03/24/10;15:30:01;861;27.04;27.01;26.94;27.07
03/24/10;15:40:01;609;27.01;27.02;27;27.09
03/24/10;15:50:01;540;27.02;27.07;27;27.11
03/24/10;16:00:01;822;27.07;27.08;27.03;27.11
03/24/10;16:10:01;764;27.09;27.14;27.07;27.19
03/24/10;16:20:01;901;27.14;27.12;27.07;27.16
03/24/10;16:30:01;890;27.1;27.1;27.08;27.18
03/24/10;16:40:01;1006;27.11;27.05;26.98;27.14
03/24/10;16:50:01;496;27.05;27.03;26.99;27.08
03/24/10;17:00:01;1025;27.02;26.96;26.89;27.05
03/24/10;17:10:01;848;26.96;26.93;26.91;27
03/24/10;17:20:01;778;26.93;27;26.91;27.03
03/24/10;17:30:01;703;27.01;27.01;26.97;27.07
03/24/10;17:40:01;863;27.01;26.95;26.93;27.07
03/24/10;17:50:01;825;26.96;27;26.92;27.03
03/24/10;18:00:01;709;27;26.97;26.94;27.05
03/24/10;18:10:01;808;26.97;27.02;26.96;27.06
03/24/10;18:20:01;664;27.01;27;26.97;27.05
03/24/10;18:30:01;1010;26.99;26.95;26.93;27.05
03/24/10;18:40:01;804;26.95;26.97;26.91;27
03/24/10;18:50:01;937;26.97;26.96;26.91;26.99
03/24/10;19:00:01;1427;26.95;26.89;26.87;26.97
03/24/10;19:10:01;1352;26.91;26.91;26.84;26.96
03/24/10;19:20:01;843;26.91;26.95;26.88;26.98
03/24/10;19:30:01;1407;26.95;26.95;26.91;27.01
03/24/10;19:40:01;1796;26.96;26.92;26.89;27
03/24/10;19:50:01;1990;26.92;26.96;26.89;26.99
03/24/10;20:00:01;204;26.95;26.93;26.92;26.96
03/24/10;20:10:01;166;26.93;26.93;26.92;26.96
03/24/10;20:20:01;195;26.94;26.95;26.9;26.97
03/24/10;20:30:01;183;26.95;26.95;26.91;26.97
03/24/10;20:40:01;154;26.96;26.94;26.91;26.96
03/24/10;20:50:01;159;26.94;26.94;26.92;26.96
03/25/10;14:30:01;1754;27.02;28.06;27.02;28.25
03/25/10;14:40:01;2181;28.09;27.96;27.94;28.11
03/25/10;14:50:01;1903;27.97;27.91;27.82;27.98
03/25/10;15:00:01;1634;27.92;28;27.89;28.03
03/25/10;15:10:01;1863;28;27.86;27.85;28.08
03/25/10;15:20:01;1369;27.9;27.86;27.76;27.92
03/25/10;15:30:01;1149;27.86;27.91;27.82;27.97
03/25/10;15:40:01;1738;27.92;27.73;27.68;27.98
03/25/10;15:50:01;1479;27.74;27.82;27.72;27.89
03/25/10;16:00:01;1160;27.81;27.83;27.79;27.87
03/25/10;16:10:01;1340;27.83;27.7;27.66;27.86
03/25/10;16:20:01;1106;27.72;27.78;27.69;27.8
03/25/10;16:30:01;821;27.78;27.79;27.74;27.84
03/25/10;16:40:01;961;27.78;27.78;27.74;27.83
03/25/10;16:50:01;1095;27.8;27.78;27.74;27.83
03/25/10;17:00:01;1067;27.77;27.85;27.74;27.87
03/25/10;17:10:01;922;27.84;27.9;27.81;27.93
03/25/10;17:20:01;1235;27.91;27.95;27.87;28.02
03/25/10;17:30:01;1075;27.96;27.88;27.87;27.98
03/25/10;17:40:01;1336;27.88;27.73;27.72;27.89
03/25/10;17:50:01;1337;27.73;27.7;27.65;27.77
03/25/10;18:00:01;984;27.7;27.72;27.64;27.78
03/25/10;18:10:01;1071;27.72;27.73;27.67;27.76
03/25/10;18:20:01;1333;27.73;27.56;27.55;27.74
03/25/10;18:30:01;1357;27.53;27.69;27.53;27.73
03/25/10;18:40:01;1228;27.68;27.67;27.66;27.76
03/25/10;18:50:01;1188;27.66;27.75;27.6;27.76
03/25/10;19:00:01;1311;27.75;27.8;27.73;27.88
03/25/10;19:10:01;1297;27.8;27.8;27.76;27.84
03/25/10;19:20:01;1700;27.8;27.84;27.76;27.89
03/25/10;19:30:01;1794;27.83;27.73;27.7;27.84
03/25/10;19:40:01;2919;27.73;27.7;27.68;27.82
03/25/10;19:50:01;3391;27.7;27.58;27.53;27.73
03/25/10;20:00:01;194;27.58;27.55;27.53;27.6
03/25/10;20:10:01;160;27.55;27.56;27.53;27.58
03/25/10;20:20:01;157;27.56;27.55;27.55;27.59
03/25/10;20:30:01;158;27.55;27.56;27.52;27.58
03/25/10;20:40:01;163;27.57;27.57;27.55;27.58
03/25/10;20:50:01;148;27.58;27.55;27.55;27.58
03/26/10;14:30:01;1185;27.57;27.53;27.51;27.65
03/26/10;14:40:01;947;27.53;27.51;27.48;27.59
03/26/10;14:50:01;1152;27.56;27.5;27.47;27.62
03/26/10;15:00:01;1069;27.5;27.52;27.45;27.58
03/26/10;15:10:01;1086;27.52;27.54;27.46;27.59
03/26/10;15:20:01;971;27.54;27.58;27.5;27.61
03/26/10;15:30:01;854;27.58;27.57;27.55;27.63
03/26/10;15:40:01;1028;27.59;27.62;27.57;27.66
03/26/10;15:50:01;766;27.59;27.63;27.59;27.69
03/26/10;16:00:01;887;27.63;27.68;27.59;27.71
03/26/10;16:10:01;714;27.7;27.65;27.61;27.71
03/26/10;16:20:01;1259;27.63;27.5;27.46;27.65
03/26/10;16:30:01;1408;27.49;27.48;27.37;27.58
03/26/10;16:40:01;890;27.45;27.41;27.39;27.54
03/26/10;16:50:01;1105;27.41;27.41;27.36;27.51
03/26/10;17:00:01;1327;27.41;27.31;27.25;27.48
03/26/10;17:10:01;1046;27.31;27.34;27.31;27.41
03/26/10;17:20:01;760;27.36;27.35;27.32;27.44
03/26/10;17:30:01;943;27.35;27.4;27.3;27.45
03/26/10;17:40:01;977;27.41;27.41;27.35;27.48
03/26/10;17:50:01;914;27.38;27.4;27.36;27.47
03/26/10;18:00:01;1078;27.4;27.42;27.33;27.44
03/26/10;18:10:01;1043;27.42;27.46;27.36;27.48
03/26/10;18:20:01;1066;27.46;27.48;27.38;27.51
03/26/10;18:30:01;888;27.48;27.53;27.42;27.53
03/26/10;18:40:01;903;27.51;27.45;27.41;27.54
03/26/10;18:50:01;1320;27.47;27.42;27.37;27.47
03/26/10;19:00:01;1529;27.42;27.44;27.35;27.47
03/26/10;19:10:01;994;27.42;27.45;27.35;27.47
03/26/10;19:20:01;1109;27.46;27.44;27.38;27.48
03/26/10;19:30:01;1277;27.44;27.47;27.39;27.49
03/26/10;19:40:01;1654;27.47;27.44;27.39;27.51
03/26/10;19:50:01;3005;27.44;27.45;27.4;27.53
03/26/10;20:00:01;186;27.45;27.44;27.42;27.47
03/26/10;20:10:01;150;27.45;27.46;27.44;27.49
03/26/10;20:20:01;167;27.46;27.44;27.43;27.47
03/26/10;20:30:01;156;27.45;27.48;27.43;27.48
03/26/10;20:40:01;153;27.48;27.45;27.43;27.48
03/26/10;20:50:01;170;27.44;27.43;27.43;27.45
03/29/10;14:30:01;1701;27.35;27.32;27.25;27.39
03/29/10;14:40:01;1066;27.31;27.34;27.31;27.42
03/29/10;14:50:01;1060;27.34;27.39;27.28;27.4
03/29/10;15:00:01;1034;27.39;27.38;27.33;27.42
03/29/10;15:10:01;1078;27.42;27.38;27.33;27.42
03/29/10;15:20:01;1084;27.38;27.39;27.35;27.46
03/29/10;15:30:01;755;27.42;27.4;27.37;27.45
03/29/10;15:40:01;734;27.41;27.43;27.4;27.49
03/29/10;15:50:01;709;27.43;27.37;27.35;27.45
03/29/10;16:00:01;644;27.38;27.37;27.34;27.43
03/29/10;16:10:01;767;27.38;27.38;27.35;27.43
03/29/10;16:20:01;730;27.38;27.37;27.33;27.41
03/29/10;16:30:01;783;27.37;27.36;27.32;27.41
03/29/10;16:40:01;740;27.36;27.36;27.3;27.38
03/29/10;16:50:01;865;27.38;27.32;27.28;27.38
03/29/10;17:00:01;912;27.33;27.3;27.28;27.39
03/29/10;17:10:01;908;27.31;27.25;27.24;27.35
03/29/10;17:20:01;799;27.26;27.27;27.22;27.3
03/29/10;17:30:01;788;27.27;27.23;27.2;27.32
03/29/10;17:40:01;901;27.24;27.25;27.16;27.26
03/29/10;17:50:01;631;27.25;27.25;27.22;27.3
03/29/10;18:00:01;604;27.26;27.25;27.2;27.29
03/29/10;18:10:01;785;27.24;27.26;27.22;27.33
03/29/10;18:20:01;928;27.25;27.2;27.18;27.29
03/29/10;18:30:01;1010;27.22;27.22;27.15;27.26
03/29/10;18:40:01;820;27.22;27.22;27.15;27.25
03/29/10;18:50:01;851;27.22;27.2;27.17;27.27
03/29/10;19:00:01;962;27.2;27.24;27.17;27.27
03/29/10;19:10:01;950;27.23;27.24;27.19;27.28
03/29/10;19:20:01;906;27.24;27.22;27.2;27.28
03/29/10;19:30:01;1333;27.21;27.24;27.2;27.28
03/29/10;19:40:01;1521;27.24;27.22;27.19;27.28
03/29/10;19:50:01;3033;27.2;27.29;27.2;27.32
03/29/10;20:00:01;232;27.26;27.31;27.26;27.32
03/29/10;20:10:01;346;27.28;27.27;27.25;27.3
03/29/10;20:20:01;175;27.28;27.29;27.25;27.33
03/29/10;20:30:01;160;27.28;27.29;27.25;27.31
03/29/10;20:40:01;154;27.29;27.27;27.26;27.29
03/29/10;20:50:01;154;27.26;27.29;27.26;27.31
03/30/10;14:30:01;1182;27.21;27.17;27.14;27.23
03/30/10;14:40:01;1240;27.16;27.23;27.15;27.26
03/30/10;14:50:01;1200;27.22;27.17;27.14;27.24
03/30/10;15:00:01;1630;27.17;27.06;27.01;27.19
03/30/10;15:10:01;1339;27.06;27.09;27;27.15
03/30/10;15:20:01;1356;27.11;27.01;26.91;27.11
03/30/10;15:30:01;947;27.01;27;26.95;27.03
03/30/10;15:40:01;865;27.01;27.05;26.96;27.08
03/30/10;15:50:01;880;27.05;27.03;26.99;27.07
03/30/10;16:00:01;897;27.03;27.05;26.99;27.09
03/30/10;16:10:01;749;27.05;27.04;27;27.09
03/30/10;16:20:01;805;27.04;27.11;27.01;27.13
03/30/10;16:30:01;581;27.11;27.1;27.07;27.14
03/30/10;16:40:01;656;27.1;27.07;27.07;27.17
03/30/10;16:50:01;579;27.08;27.13;27.08;27.17
03/30/10;17:00:01;700;27.13;27.1;27.07;27.15
03/30/10;17:10:01;512;27.1;27.07;27.05;27.14
03/30/10;17:20:01;658;27.08;27.06;27;27.11
03/30/10;17:30:01;712;27.05;27.06;27.02;27.11
03/30/10;17:40:01;627;27.07;27.05;27.01;27.12
03/30/10;17:50:01;759;27.05;27.05;27.02;27.11
03/30/10;18:00:01;696;27.05;27.1;27.04;27.12
03/30/10;18:10:01;663;27.09;27.08;27.06;27.16
03/30/10;18:20:01;741;27.08;27.12;27.06;27.16
03/30/10;18:30:01;1015;27.12;27.18;27.1;27.2
03/30/10;18:40:01;773;27.17;27.15;27.12;27.2
03/30/10;18:50:01;888;27.14;27.11;27.1;27.19
03/30/10;19:00:01;935;27.13;27.14;27.1;27.18
03/30/10;19:10:01;940;27.13;27.13;27.1;27.16
03/30/10;19:20:01;1066;27.12;27.16;27.07;27.17
03/30/10;19:30:01;1475;27.15;27.18;27.1;27.22
03/30/10;19:40:01;1762;27.18;27.14;27.11;27.23
03/30/10;19:50:01;3363;27.16;27.16;27.11;27.2
03/30/10;20:00:01;188;27.16;27.14;27.1;27.16
03/30/10;20:10:01;141;27.13;27.15;27.12;27.19
03/30/10;20:20:01;161;27.14;27.14;27.13;27.16
03/30/10;20:30:01;153;27.14;27.14;27.12;27.15
03/30/10;20:40:01;165;27.14;27.13;27.12;27.14
03/30/10;20:50:01;150;27.13;27.13;27.12;27.14
03/31/10;14:30:01;1038;27.12;27.15;27.11;27.2
03/31/10;14:40:01;970;27.14;27.09;27.06;27.2
03/31/10;14:50:01;967;27.1;27.14;27.03;27.16
03/31/10;15:00:01;893;27.13;27.11;27.06;27.15
03/31/10;15:10:01;904;27.11;27.12;27.07;27.17
03/31/10;15:20:01;819;27.13;27.1;27.06;27.17
03/31/10;15:30:01;847;27.08;27.14;27.06;27.16
03/31/10;15:40:01;866;27.13;27.19;27.11;27.2
03/31/10;15:50:01;606;27.17;27.12;27.11;27.19
03/31/10;16:00:01;755;27.11;27.16;27.07;27.19
03/31/10;16:10:01;613;27.16;27.09;27.09;27.19
03/31/10;16:20:01;741;27.12;27.08;27.04;27.14
03/31/10;16:30:01;722;27.07;27.1;27.04;27.11
03/31/10;16:40:01;1018;27.1;27.03;26.98;27.14
03/31/10;16:50:01;691;27.03;27.03;27.01;27.11
03/31/10;17:00:01;593;27.05;27;26.98;27.06
03/31/10;17:10:01;541;27;27;26.96;27.11
03/31/10;17:20:01;821;27;27.04;26.95;27.06
03/31/10;17:30:01;515;27.04;27.01;26.98;27.07
03/31/10;17:40:01;672;27;27.05;26.97;27.07
03/31/10;17:50:01;622;27.06;27.07;27.03;27.1
03/31/10;18:00:01;926;27.07;27.07;27.02;27.12
03/31/10;18:10:01;664;27.05;27.05;26.99;27.11
03/31/10;18:20:01;554;27.08;27.07;27.06;27.13
03/31/10;18:30:01;668;27.09;27.05;27.03;27.12
03/31/10;18:40:01;809;27.05;27;26.99;27.09
03/31/10;18:50:01;1080;27;26.98;26.95;27.03
03/31/10;19:00:01;1115;27.01;27.02;26.98;27.08
03/31/10;19:10:01;810;27.02;26.99;26.97;27.06
03/31/10;19:20:01;1178;27.01;27.03;26.93;27.05
03/31/10;19:30:01;1202;27.02;27;26.96;27.06
03/31/10;19:40:01;1764;26.97;26.92;26.9;27.02
03/31/10;19:50:01;3792;26.93;26.99;26.88;27
03/31/10;20:00:01;242;26.96;26.97;26.95;27
03/31/10;20:10:01;219;26.96;26.98;26.94;27
03/31/10;20:20:01;217;26.98;26.96;26.94;27
03/31/10;20:30:01;205;26.97;26.96;26.93;27
03/31/10;20:40:01;156;26.95;26.97;26.95;27.01
03/31/10;20:50:01;163;26.98;26.98;26.96;26.99
04/01/10;14:30:01;916;26.98;27.11;26.98;27.14
04/01/10;14:40:01;1231;27.11;27.01;26.99;27.17
04/01/10;14:50:01;1437;27.05;26.89;26.88;27.05
04/01/10;15:00:01;1526;26.9;26.86;26.82;26.94
04/01/10;15:10:01;1041;26.86;26.77;26.76;26.9
04/01/10;15:20:01;968;26.78;26.87;26.76;26.89
04/01/10;15:30:01;1038;26.87;26.86;26.81;26.92
04/01/10;15:40:01;856;26.86;26.91;26.83;26.92
04/01/10;15:50:01;743;26.91;26.95;26.87;26.96
04/01/10;16:00:01;561;26.95;26.96;26.9;26.98
04/01/10;16:10:01;723;26.96;26.96;26.95;27.04
04/01/10;16:20:01;767;26.96;26.97;26.93;27.01
04/01/10;16:30:01;676;26.98;26.98;26.96;27.04
04/01/10;16:40:01;524;26.98;26.98;26.93;27.03
04/01/10;16:50:01;742;26.97;27;26.97;27.07
04/01/10;17:00:01;548;27;26.99;26.94;27.02
04/01/10;17:10:01;623;26.99;26.91;26.9;26.99
04/01/10;17:20:01;691;26.91;26.81;26.78;26.94
04/01/10;17:30:01;1007;26.81;26.87;26.76;26.9
04/01/10;17:40:01;982;26.87;26.76;26.73;26.88
04/01/10;17:50:01;1016;26.75;26.73;26.68;26.77
04/01/10;18:00:01;1247;26.73;26.73;26.65;26.77
04/01/10;18:10:01;1076;26.73;26.78;26.7;26.8
04/01/10;18:20:01;1146;26.78;26.69;26.68;26.82
04/01/10;18:30:01;1653;26.7;26.59;26.57;26.72
04/01/10;18:40:01;1475;26.56;26.61;26.53;26.63
04/01/10;18:50:01;1408;26.6;26.64;26.56;26.69
04/01/10;19:00:01;1419;26.64;26.65;26.6;26.69
04/01/10;19:10:01;1300;26.63;26.67;26.62;26.75
04/01/10;19:20:01;1295;26.67;26.69;26.65;26.73
04/01/10;19:30:01;1646;26.69;26.71;26.67;26.79
04/01/10;19:40:01;1933;26.7;26.67;26.62;26.75
04/01/10;19:50:01;3708;26.68;26.57;26.56;26.75
04/01/10;20:00:01;191;26.57;26.56;26.55;26.59
04/01/10;20:10:01;161;26.56;26.56;26.55;26.59
04/01/10;20:20:01;166;26.56;26.57;26.54;26.6
04/01/10;20:30:01;171;26.57;26.56;26.53;26.6
04/01/10;20:40:01;140;26.56;26.56;26.54;26.59
04/01/10;20:50:01;162;26.55;26.57;26.54;26.58
04/02/10;14:30:01;153;26.57;26.56;26.55;26.57
04/02/10;14:40:01;156;26.57;26.56;26.55;26.57
04/02/10;14:50:01;150;26.55;26.56;26.55;26.57
04/02/10;15:00:01;144;26.56;26.56;26.55;26.57
04/02/10;15:10:01;155;26.56;26.57;26.55;26.57
04/02/10;15:20:01;141;26.56;26.56;26.55;26.57
04/02/10;15:30:01;147;26.56;26.57;26.55;26.57
04/02/10;15:40:01;138;26.56;26.55;26.55;26.57
04/02/10;15:50:01;156;26.55;26.57;26.55;26.57
04/02/10;16:00:01;161;26.57;26.56;26.55;26.57
04/02/10;16:10:01;139;26.57;26.55;26.55;26.57
04/02/10;16:20:01;157;26.56;26.56;26.55;26.57
04/02/10;16:30:01;146;26.56;26.56;26.55;26.57
04/02/10;16:40:01;145;26.55;26.57;26.55;26.57
04/02/10;16:50:01;130;26.56;26.55;26.55;26.57
04/02/10;17:00:01;148;26.55;26.55;26.55;26.57
04/02/10;17:10:01;156;26.55;26.57;26.55;26.57
04/02/10;17:20:01;157;26.56;26.56;26.55;26.57
04/02/10;17:30:01;130;26.57;26.56;26.55;26.57
04/02/10;17:40:01;144;26.57;26.56;26.55;26.57
04/02/10;17:50:01;154;26.55;26.56;26.55;26.57
04/02/10;18:00:01;152;26.56;26.56;26.55;26.57
04/02/10;18:10:01;157;26.56;26.57;26.55;26.57
04/02/10;18:20:01;155;26.57;26.56;26.55;26.57
04/02/10;18:30:01;161;26.57;26.55;26.55;26.57
04/02/10;18:40:01;143;26.56;26.56;26.55;26.57
04/02/10;18:50:01;149;26.56;26.57;26.55;26.57
04/02/10;19:00:01;161;26.57;26.56;26.55;26.57
04/02/10;19:10:01;129;26.55;26.55;26.55;26.57
04/02/10;19:20:01;160;26.56;26.57;26.55;26.57
04/02/10;19:30:01;167;26.56;26.56;26.55;26.57
04/02/10;19:40:01;149;26.56;26.55;26.55;26.57
04/02/10;19:50:01;148;26.55;26.55;26.55;26.57
04/02/10;20:00:01;162;26.56;26.57;26.55;26.57
04/02/10;20:10:01;153;26.56;26.56;26.55;26.57
04/02/10;20:20:01;160;26.56;26.56;26.55;26.57
04/02/10;20:30:01;167;26.55;26.55;26.55;26.57
04/02/10;20:40:01;152;26.55;26.57;26.55;26.57
04/02/10;20:50:01;151;26.56;26.56;26.55;26.57
04/05/10;14:30:01;1092;26.64;27.16;26.64;27.18
04/05/10;14:40:01;1071;27.16;27.23;27.13;27.24
04/05/10;14:50:01;987;27.23;27.25;27.17;27.29
04/05/10;15:00:01;1220;27.22;27.34;27.16;27.38
04/05/10;15:10:01;738;27.33;27.35;27.31;27.41
04/05/10;15:20:01;955;27.38;27.45;27.37;27.48
04/05/10;15:30:01;869;27.46;27.46;27.37;27.48
04/05/10;15:40:01;694;27.46;27.44;27.39;27.5
04/05/10;15:50:01;1016;27.45;27.51;27.41;27.56
04/05/10;16:00:01;748;27.51;27.47;27.38;27.53
04/05/10;16:10:01;678;27.47;27.48;27.43;27.54
04/05/10;16:20:01;674;27.48;27.5;27.46;27.55
04/05/10;16:30:01;819;27.5;27.51;27.49;27.59
04/05/10;16:40:01;638;27.55;27.57;27.49;27.59
04/05/10;16:50:01;764;27.57;27.56;27.53;27.64
04/05/10;17:00:01;1149;27.56;27.58;27.53;27.67
04/05/10;17:10:01;615;27.58;27.6;27.54;27.63
04/05/10;17:20:01;559;27.61;27.59;27.51;27.62
04/05/10;17:30:01;651;27.59;27.47;27.47;27.62
04/05/10;17:40:01;640;27.46;27.46;27.45;27.54
04/05/10;17:50:01;615;27.47;27.49;27.46;27.54
04/05/10;18:00:01;776;27.49;27.49;27.45;27.54
04/05/10;18:10:01;802;27.49;27.46;27.41;27.52
04/05/10;18:20:01;915;27.48;27.44;27.41;27.5
04/05/10;18:30:01;861;27.45;27.48;27.41;27.5
04/05/10;18:40:01;878;27.47;27.49;27.43;27.51
04/05/10;18:50:01;1280;27.47;27.44;27.39;27.5
04/05/10;19:00:01;1104;27.46;27.36;27.33;27.46
04/05/10;19:10:01;1065;27.36;27.41;27.34;27.44
04/05/10;19:20:01;1355;27.4;27.41;27.37;27.46
04/05/10;19:30:01;1191;27.43;27.36;27.35;27.45
04/05/10;19:40:01;1418;27.39;27.37;27.33;27.43
04/05/10;19:50:01;3528;27.37;27.38;27.32;27.41
04/05/10;20:00:01;203;27.37;27.37;27.35;27.4
04/05/10;20:10:01;153;27.38;27.38;27.36;27.39
04/05/10;20:20:01;167;27.38;27.37;27.35;27.39
04/05/10;20:30:01;149;27.37;27.37;27.35;27.38
04/05/10;20:40:01;140;27.36;27.37;27.35;27.38
04/05/10;20:50:01;139;27.37;27.38;27.36;27.38
04/06/10;14:30:01;2461;27.3;27.01;26.89;27.3
04/06/10;14:40:01;1767;27.01;27.06;27;27.15
04/06/10;14:50:01;1221;27.06;27.08;26.97;27.12
04/06/10;15:00:01;1173;27.06;27.06;26.97;27.13
04/06/10;15:10:01;874;27.07;27.06;27.02;27.12
04/06/10;15:20:01;1281;27.06;27.17;27.06;27.22
04/06/10;15:30:01;869;27.18;27.12;27.09;27.19
04/06/10;15:40:01;924;27.12;27.11;27.08;27.17
04/06/10;15:50:01;834;27.11;27.12;27.08;27.18
04/06/10;16:00:01;897;27.12;27.13;27.08;27.17
04/06/10;16:10:01;720;27.13;27.07;27.04;27.16
04/06/10;16:20:01;928;27.06;27.08;27.05;27.13
04/06/10;16:30:01;711;27.1;27.09;27.05;27.14
04/06/10;16:40:01;714;27.09;27.1;27.05;27.13
04/06/10;16:50:01;667;27.1;27.08;27.04;27.13
04/06/10;17:00:01;586;27.11;27.1;27.08;27.15
04/06/10;17:10:01;579;27.15;27.09;27.07;27.16
04/06/10;17:20:01;697;27.09;27.14;27.08;27.18
04/06/10;17:30:01;710;27.15;27.13;27.09;27.18
04/06/10;17:40:01;790;27.13;27.18;27.11;27.19
04/06/10;17:50:01;2278;27.18;27.21;27.15;27.25
04/06/10;18:00:01;1029;27.21;27.25;27.21;27.31
04/06/10;18:10:01;1020;27.25;27.34;27.22;27.39
04/06/10;18:20:01;919;27.36;27.38;27.32;27.41
04/06/10;18:30:01;1176;27.39;27.44;27.35;27.48
04/06/10;18:40:01;999;27.43;27.42;27.39;27.48
04/06/10;18:50:01;904;27.39;27.38;27.37;27.47
04/06/10;19:00:01;864;27.4;27.37;27.33;27.46
04/06/10;19:10:01;841;27.37;27.34;27.3;27.4
04/06/10;19:20:01;1167;27.33;27.25;27.24;27.37
04/06/10;19:30:01;1389;27.25;27.34;27.23;27.38
04/06/10;19:40:01;1419;27.34;27.34;27.31;27.42
04/06/10;19:50:01;2536;27.34;27.28;27.22;27.39
04/06/10;20:00:01;184;27.27;27.26;27.23;27.31
04/06/10;20:10:01;179;27.26;27.27;27.24;27.29
04/06/10;20:20:01;157;27.26;27.26;27.25;27.3
04/06/10;20:30:01;187;27.26;27.29;27.24;27.31
04/06/10;20:40:01;147;27.28;27.27;27.25;27.29
04/06/10;20:50:01;141;27.28;27.27;27.26;27.29
04/07/10;14:30:01;1045;27.19;26.93;26.9;27.19
04/07/10;14:40:01;1646;26.93;26.9;26.82;26.98
04/07/10;14:50:01;1050;26.9;26.91;26.88;26.99
04/07/10;15:00:01;1066;26.9;26.99;26.87;27.01
04/07/10;15:10:01;976;27;26.98;26.95;27.04
04/07/10;15:20:01;898;26.97;27.01;26.96;27.04
04/07/10;15:30:01;924;26.98;26.96;26.93;27.04
04/07/10;15:40:01;1018;26.96;27;26.93;27.03
04/07/10;15:50:01;718;27.01;27.01;26.96;27.04
04/07/10;16:00:01;699;27.01;27;26.97;27.04
04/07/10;16:10:01;927;27;26.95;26.92;27.01
04/07/10;16:20:01;717;26.95;26.97;26.91;27.01
04/07/10;16:30:01;570;27;26.97;26.91;27
04/07/10;16:40:01;678;26.94;26.96;26.94;27.02
04/07/10;16:50:01;600;26.96;26.99;26.94;27.04
04/07/10;17:00:01;902;27.01;26.95;26.93;27.03
04/07/10;17:10:01;649;26.94;26.95;26.92;27
04/07/10;17:20:01;754;26.95;26.96;26.93;27
04/07/10;17:30:01;564;26.96;26.9;26.9;27
04/07/10;17:40:01;669;26.93;26.91;26.89;26.97
04/07/10;17:50:01;900;26.91;26.92;26.86;26.95
04/07/10;18:00:01;876;26.92;26.93;26.88;26.98
04/07/10;18:10:01;912;26.96;26.83;26.82;26.96
04/07/10;18:20:01;1082;26.85;26.88;26.79;26.89
04/07/10;18:30:01;1139;26.88;26.85;26.78;26.89
04/07/10;18:40:01;1015;26.84;26.83;26.76;26.86
04/07/10;18:50:01;1559;26.81;26.85;26.77;26.88
04/07/10;19:00:01;2117;26.84;26.71;26.68;26.85
04/07/10;19:10:01;2132;26.71;26.79;26.66;26.81
04/07/10;19:20:01;1380;26.78;26.8;26.73;26.87
04/07/10;19:30:01;1917;26.8;26.84;26.73;26.87
04/07/10;19:40:01;1783;26.84;26.82;26.77;26.87
04/07/10;19:50:01;2718;26.82;26.85;26.78;26.89
04/08/10;13:30:01;1794;26.77;26.23;26.19;26.77
04/08/10;13:40:01;1820;26.22;26.29;26.18;26.31
04/08/10;13:50:01;2119;26.29;26.19;26.15;26.35
04/08/10;14:00:01;2075;26.21;26.33;26.19;26.39
04/08/10;14:10:01;1894;26.33;26.43;26.31;26.51
04/08/10;14:20:01;1541;26.44;26.53;26.38;26.57
04/08/10;14:30:01;1134;26.52;26.45;26.45;26.56
04/08/10;14:40:01;1184;26.46;26.49;26.44;26.51
04/08/10;14:50:01;1025;26.5;26.45;26.4;26.52
04/08/10;15:00:01;1361;26.43;26.35;26.32;26.45
04/08/10;15:10:01;1138;26.35;26.28;26.22;26.37
04/08/10;15:20:01;1114;26.25;26.28;26.22;26.3
04/08/10;15:30:01;1018;26.27;26.3;26.25;26.33
04/08/10;15:40:01;1014;26.3;26.36;26.25;26.37
04/08/10;15:50:01;981;26.38;26.42;26.31;26.44
04/08/10;16:00:01;991;26.45;26.49;26.41;26.52
04/08/10;16:10:01;1046;26.48;26.47;26.39;26.52
04/08/10;16:20:01;1016;26.46;26.56;26.45;26.59
04/08/10;16:30:01;840;26.55;26.58;26.52;26.61
04/08/10;16:40:01;782;26.59;26.65;26.56;26.68
04/08/10;16:50:01;687;26.65;26.68;26.59;26.7
04/08/10;17:00:01;1074;26.68;26.69;26.65;26.76
04/08/10;17:10:01;1298;26.69;26.53;26.51;26.71
04/08/10;17:20:01;856;26.54;26.48;26.47;26.57
04/08/10;17:30:01;1207;26.48;26.49;26.43;26.54
04/08/10;17:40:01;1087;26.47;26.42;26.41;26.53
04/08/10;17:50:01;1222;26.42;26.43;26.36;26.47
04/08/10;18:00:01;835;26.43;26.42;26.39;26.47
04/08/10;18:10:01;1126;26.4;26.43;26.35;26.46
04/08/10;18:20:01;1098;26.43;26.41;26.36;26.47
04/08/10;18:30:01;1707;26.39;26.31;26.29;26.44
04/08/10;18:40:01;1119;26.34;26.4;26.31;26.42
04/08/10;18:50:01;1199;26.39;26.38;26.35;26.45
04/08/10;19:00:01;1359;26.38;26.4;26.33;26.45
04/08/10;19:10:01;1295;26.39;26.46;26.36;26.48
04/08/10;19:20:01;1361;26.46;26.42;26.4;26.5
04/08/10;19:30:01;1559;26.42;26.49;26.4;26.53
04/08/10;19:40:01;1921;26.49;26.48;26.42;26.53
04/08/10;19:50:01;2465;26.48;26.44;26.4;26.49
04/09/10;13:30:01;1318;26.46;26.57;26.41;26.61
04/09/10;13:40:01;1103;26.55;26.48;26.44;26.58
04/09/10;13:50:01;1250;26.48;26.58;26.44;26.62
04/09/10;14:00:01;1488;26.6;26.47;26.44;26.64
04/09/10;14:10:01;1000;26.47;26.53;26.44;26.55
04/09/10;14:20:01;1187;26.53;26.49;26.44;26.6
04/09/10;14:30:01;1576;26.47;26.48;26.4;26.56
04/09/10;14:40:01;1214;26.49;26.47;26.46;26.56
04/09/10;14:50:01;1425;26.47;26.3;26.28;26.49
04/09/10;15:00:01;1231;26.31;26.44;26.28;26.46
04/09/10;15:10:01;866;26.44;26.41;26.39;26.47
04/09/10;15:20:01;969;26.41;26.42;26.36;26.46
04/09/10;15:30:01;949;26.42;26.46;26.38;26.48
04/09/10;15:40:01;893;26.45;26.43;26.38;26.49
04/09/10;15:50:01;691;26.41;26.39;26.37;26.46
04/09/10;16:00:01;795;26.39;26.28;26.27;26.42
04/09/10;16:10:01;668;26.28;26.33;26.26;26.36
04/09/10;16:20:01;984;26.33;26.33;26.28;26.38
04/09/10;16:30:01;645;26.31;26.33;26.27;26.37
04/09/10;16:40:01;465;26.33;26.32;26.28;26.38
04/09/10;16:50:01;547;26.3;26.34;26.29;26.38
04/09/10;17:00:01;696;26.33;26.32;26.29;26.38
04/09/10;17:10:01;638;26.32;26.38;26.29;26.39
04/09/10;17:20:01;715;26.38;26.37;26.35;26.43
04/09/10;17:30:01;734;26.37;26.4;26.33;26.43
04/09/10;17:40:01;659;26.4;26.4;26.38;26.48
04/09/10;17:50:01;844;26.4;26.36;26.31;26.45
04/09/10;18:00:01;964;26.36;26.46;26.3;26.48
04/09/10;18:10:01;754;26.46;26.51;26.43;26.53
04/09/10;18:20:01;696;26.51;26.47;26.43;26.55
04/09/10;18:30:01;1004;26.47;26.47;26.38;26.5
04/09/10;18:40:01;756;26.47;26.41;26.4;26.5
04/09/10;18:50:01;648;26.41;26.39;26.39;26.48
04/09/10;19:00:01;768;26.42;26.44;26.39;26.49
04/09/10;19:10:01;618;26.42;26.47;26.41;26.5
04/09/10;19:20:01;834;26.48;26.52;26.45;26.55
04/09/10;19:30:01;906;26.51;26.51;26.45;26.55
04/09/10;19:40:01;1391;26.49;26.54;26.47;26.57
04/09/10;19:50:01;2051;26.54;26.59;26.5;26.6
04/12/10;13:30:01;1316;26.55;26.67;26.54;26.69
04/12/10;13:40:01;893;26.68;26.73;26.64;26.81
04/12/10;13:50:01;995;26.74;26.59;26.56;26.77
04/12/10;14:00:01;1025;26.59;26.68;26.54;26.72
04/12/10;14:10:01;851;26.65;26.61;26.57;26.71
04/12/10;14:20:01;1094;26.61;26.68;26.59;26.72
04/12/10;14:30:01;902;26.7;26.59;26.57;26.72
04/12/10;14:40:01;860;26.6;26.64;26.58;26.7
04/12/10;14:50:01;814;26.63;26.64;26.61;26.71
04/12/10;15:00:01;623;26.65;26.66;26.62;26.71
04/12/10;15:10:01;666;26.63;26.58;26.55;26.67
04/12/10;15:20:01;711;26.58;26.54;26.52;26.6
04/12/10;15:30:01;905;26.56;26.56;26.49;26.59
04/12/10;15:40:01;665;26.56;26.64;26.52;26.68
04/12/10;15:50:01;853;26.66;26.64;26.61;26.75
04/12/10;16:00:01;677;26.64;26.56;26.52;26.66
04/12/10;16:10:01;639;26.55;26.57;26.5;26.63
04/12/10;16:20:01;584;26.56;26.55;26.51;26.6
04/12/10;16:30:01;606;26.54;26.53;26.49;26.56
04/12/10;16:40:01;500;26.54;26.56;26.51;26.61
04/12/10;16:50:01;597;26.55;26.6;26.52;26.62
04/12/10;17:00:01;731;26.59;26.61;26.56;26.68
04/12/10;17:10:01;517;26.6;26.65;26.59;26.68
04/12/10;17:20:01;472;26.66;26.65;26.62;26.7
04/12/10;17:30:01;464;26.65;26.69;26.63;26.69
04/12/10;17:40:01;668;26.67;26.7;26.62;26.72
04/12/10;17:50:01;807;26.7;26.66;26.61;26.75
04/12/10;18:00:01;776;26.66;26.65;26.62;26.69
04/12/10;18:10:01;722;26.65;26.67;26.61;26.7
04/12/10;18:20:01;620;26.69;26.67;26.61;26.71
04/12/10;18:30:01;564;26.66;26.67;26.61;26.7
04/12/10;18:40:01;916;26.68;26.66;26.64;26.73
04/12/10;18:50:01;901;26.66;26.68;26.63;26.71
04/12/10;19:00:01;1030;26.67;26.65;26.62;26.7
04/12/10;19:10:01;1084;26.65;26.63;26.59;26.68
04/12/10;19:20:01;1257;26.63;26.63;26.56;26.66
04/12/10;19:30:01;1230;26.64;26.62;26.56;26.66
04/12/10;19:40:01;1484;26.62;26.62;26.57;26.64
04/12/10;19:50:01;2006;26.59;26.62;26.57;26.65
04/13/10;13:30:01;1223;26.63;26.42;26.31;26.65
04/13/10;13:40:01;920;26.45;26.48;26.42;26.53
04/13/10;13:50:01;1367;26.49;26.43;26.4;26.57
04/13/10;14:00:01;1556;26.42;26.38;26.33;26.48
04/13/10;14:10:01;1450;26.38;26.42;26.35;26.5
04/13/10;14:20:01;1983;26.41;26.28;26.24;26.44
04/13/10;14:30:01;1451;26.28;26.33;26.23;26.35
04/13/10;14:40:01;964;26.32;26.37;26.28;26.4
04/13/10;14:50:01;1199;26.38;26.36;26.32;26.42
04/13/10;15:00:01;969;26.36;26.37;26.31;26.4
04/13/10;15:10:01;1084;26.39;26.45;26.33;26.49
04/13/10;15:20:01;735;26.46;26.46;26.41;26.52
04/13/10;15:30:01;892;26.46;26.39;26.35;26.46
04/13/10;15:40:01;627;26.39;26.39;26.36;26.45
04/13/10;15:50:01;753;26.39;26.4;26.37;26.45
04/13/10;16:00:01;686;26.4;26.39;26.34;26.43
04/13/10;16:10:01;1042;26.38;26.42;26.37;26.47
04/13/10;16:20:01;729;26.43;26.4;26.37;26.45
04/13/10;16:30:01;697;26.4;26.4;26.34;26.44
04/13/10;16:40:01;526;26.4;26.39;26.34;26.43
04/13/10;16:50:01;837;26.39;26.41;26.36;26.46
04/13/10;17:00:01;772;26.42;26.42;26.37;26.49
04/13/10;17:10:01;1051;26.43;26.46;26.38;26.49
04/13/10;17:20:01;611;26.45;26.44;26.4;26.52
04/13/10;17:30:01;578;26.46;26.51;26.45;26.56
04/13/10;17:40:01;658;26.52;26.52;26.48;26.58
04/13/10;17:50:01;849;26.51;26.61;26.51;26.64
04/13/10;18:00:01;861;26.61;26.54;26.53;26.65
04/13/10;18:10:01;709;26.54;26.55;26.48;26.57
04/13/10;18:20:01;741;26.55;26.5;26.48;26.58
04/13/10;18:30:01;846;26.5;26.55;26.45;26.57
04/13/10;18:40:01;647;26.55;26.56;26.5;26.62
04/13/10;18:50:01;763;26.57;26.52;26.49;26.58
04/13/10;19:00:01;684;26.5;26.52;26.49;26.58
04/13/10;19:10:01;841;26.52;26.56;26.48;26.58
04/13/10;19:20:01;967;26.56;26.56;26.51;26.6
04/13/10;19:30:01;999;26.56;26.58;26.51;26.61
04/13/10;19:40:01;1263;26.59;26.6;26.54;26.64
04/13/10;19:50:01;2401;26.6;26.63;26.57;26.66
04/14/10;13:30:01;2228;26.64;26.99;26.64;27.09
04/14/10;13:40:01;1402;26.99;27.05;26.95;27.07
04/14/10;13:50:01;1303;27.06;27.08;27;27.11
04/14/10;14:00:01;1552;27.08;27.05;26.94;27.08
04/14/10;14:10:01;1571;27.04;26.91;26.86;27.06
04/14/10;14:20:01;1681;26.92;26.77;26.72;26.95
04/14/10;14:30:01;1268;26.78;26.83;26.74;26.91
04/14/10;14:40:01;1087;26.83;26.79;26.73;26.85
04/14/10;14:50:01;848;26.8;26.78;26.69;26.81
04/14/10;15:00:01;936;26.75;26.75;26.7;26.78
04/14/10;15:10:01;830;26.75;26.75;26.68;26.77
04/14/10;15:20:01;943;26.73;26.77;26.7;26.78
04/14/10;15:30:01;656;26.75;26.75;26.69;26.78
04/14/10;15:40:01;676;26.75;26.74;26.71;26.8
04/14/10;15:50:01;823;26.73;26.75;26.68;26.79
04/14/10;16:00:01;866;26.72;26.83;26.68;26.84
04/14/10;16:10:01;986;26.83;26.85;26.8;26.88
04/14/10;16:20:01;800;26.81;26.82;26.77;26.86
04/14/10;16:30:01;896;26.82;26.81;26.79;26.88
04/14/10;16:40:01;928;26.82;26.79;26.78;26.85
04/14/10;16:50:01;921;26.8;26.86;26.78;26.92
04/14/10;17:00:01;614;26.86;26.9;26.86;26.96
04/14/10;17:10:01;500;26.9;26.89;26.83;26.93
04/14/10;17:20:01;639;26.9;26.93;26.86;26.98
04/14/10;17:30:01;704;26.94;26.93;26.89;26.98
04/14/10;17:40:01;576;26.93;26.9;26.87;26.95
04/14/10;17:50:01;686;26.93;26.88;26.85;26.96
04/14/10;18:00:01;834;26.88;26.89;26.87;26.94
04/14/10;18:10:01;809;26.89;26.91;26.86;26.95
04/14/10;18:20:01;844;26.91;26.92;26.87;26.96
04/14/10;18:30:01;969;26.92;26.91;26.88;26.96
04/14/10;18:40:01;1108;26.91;26.9;26.85;26.94
04/14/10;18:50:01;834;26.9;26.9;26.87;26.93
04/14/10;19:00:01;1250;26.9;26.97;26.87;26.99
04/14/10;19:10:01;846;26.97;26.94;26.92;27.02
04/14/10;19:20:01;1086;26.94;26.99;26.89;27
04/14/10;19:30:01;1330;26.99;27.03;26.96;27.07
04/14/10;19:40:01;1574;27.03;27.03;26.98;27.06
04/14/10;19:50:01;2247;27.03;27.02;26.98;27.07
04/15/10;13:30:01;1274;27.04;27.19;27.04;27.23
04/15/10;13:40:01;961;27.19;27.09;27.07;27.19
04/15/10;13:50:01;1031;27.08;27.05;26.99;27.13
04/15/10;14:00:01;1195;27.03;27.14;26.95;27.14
04/15/10;14:10:01;957;27.15;27.06;27;27.15
04/15/10;14:20:01;979;27.05;26.99;26.95;27.08
04/15/10;14:30:01;921;26.96;26.95;26.93;27.04
04/15/10;14:40:01;1198;26.94;27;26.92;27.08
04/15/10;14:50:01;877;27;27;26.97;27.05
04/15/10;15:00:01;849;27.01;27.05;26.99;27.09
04/15/10;15:10:01;833;27.04;27.02;26.98;27.08
04/15/10;15:20:01;852;27.03;26.99;26.93;27.06
04/15/10;15:30:01;914;26.99;27.03;26.96;27.08
04/15/10;15:40:01;785;27.03;27;26.99;27.06
04/15/10;15:50:01;830;27.02;27.03;26.96;27.08
04/15/10;16:00:01;749;27.03;26.99;26.97;27.07
04/15/10;16:10:01;671;26.99;26.98;26.94;27.01
04/15/10;16:20:01;593;26.98;26.96;26.94;27.01
04/15/10;16:30:01;454;26.97;26.95;26.95;27.02
04/15/10;16:40:01;622;26.96;26.96;26.93;27.02
04/15/10;16:50:01;557;26.95;26.97;26.91;27
04/15/10;17:00:01;655;26.98;26.95;26.92;27
04/15/10;17:10:01;553;26.97;26.98;26.93;27.01
04/15/10;17:20:01;567;26.98;26.98;26.93;27.02
04/15/10;17:30:01;513;27;26.98;26.95;27.01
04/15/10;17:40:01;483;26.99;27.01;26.93;27.02
04/15/10;17:50:01;574;26.98;26.97;26.95;27.04
04/15/10;18:00:01;592;26.97;26.98;26.95;27.03
04/15/10;18:10:01;570;26.98;27;26.94;27.02
04/15/10;18:20:01;574;27;27;26.94;27.03
04/15/10;18:30:01;636;27;27.03;26.97;27.03
04/15/10;18:40:01;684;27.03;26.99;26.96;27.05
04/15/10;18:50:01;586;26.99;26.99;26.95;27.03
04/15/10;19:00:01;772;26.99;26.99;26.95;27.04
04/15/10;19:10:01;733;26.99;26.97;26.94;27.02
04/15/10;19:20:01;760;26.97;26.95;26.93;27.02
04/15/10;19:30:01;1090;26.95;26.92;26.91;26.99
04/15/10;19:40:01;1309;26.93;26.98;26.91;27.03
04/15/10;19:50:01;1590;26.96;27;26.95;27.03
04/16/10;13:30:01;1574;26.99;26.93;26.79;27.03
04/16/10;13:40:01;1321;26.89;26.89;26.83;26.96
04/16/10;13:50:01;1363;26.91;26.83;26.77;26.97
04/16/10;14:00:01;1386;26.83;26.83;26.78;26.87
04/16/10;14:10:01;1414;26.81;26.82;26.77;26.91
04/16/10;14:20:01;879;26.81;26.83;26.77;26.88
04/16/10;14:30:01;1554;26.84;26.65;26.61;26.96
04/16/10;14:40:01;1920;26.62;26.8;26.6;26.86
04/16/10;14:50:01;1721;26.8;26.73;26.63;26.84
04/16/10;15:00:01;1613;26.7;26.68;26.63;26.75
04/16/10;15:10:01;1466;26.69;26.52;26.49;26.69
04/16/10;15:20:01;1811;26.52;26.56;26.5;26.6
04/16/10;15:30:01;1501;26.55;26.54;26.49;26.59
04/16/10;15:40:01;1336;26.53;26.5;26.45;26.59
04/16/10;15:50:01;2156;26.51;26.3;26.24;26.52
04/16/10;16:00:01;1841;26.29;26.35;26.23;26.37
04/16/10;16:10:01;866;26.33;26.32;26.29;26.36
04/16/10;16:20:01;1287;26.31;26.31;26.24;26.37
04/16/10;16:30:01;1405;26.28;26.3;26.2;26.35
04/16/10;16:40:01;1256;26.29;26.35;26.26;26.37
04/16/10;16:50:01;1081;26.35;26.31;26.27;26.39
04/16/10;17:00:01;1201;26.31;26.34;26.28;26.37
04/16/10;17:10:01;1075;26.36;26.34;26.3;26.38
04/16/10;17:20:01;1014;26.34;26.36;26.29;26.38
04/16/10;17:30:01;1162;26.36;26.33;26.25;26.38
04/16/10;17:40:01;1086;26.33;26.34;26.29;26.37
04/16/10;17:50:01;1011;26.33;26.31;26.27;26.35
04/16/10;18:00:01;1363;26.31;26.39;26.27;26.44
04/16/10;18:10:01;1531;26.39;26.42;26.35;26.5
04/16/10;18:20:01;1352;26.42;26.46;26.41;26.51
04/16/10;18:30:01;1185;26.47;26.51;26.45;26.55
04/16/10;18:40:01;1502;26.5;26.5;26.46;26.58
04/16/10;18:50:01;1405;26.5;26.4;26.39;26.54
04/16/10;19:00:01;1840;26.4;26.38;26.3;26.47
04/16/10;19:10:01;1499;26.38;26.3;26.27;26.41
04/16/10;19:20:01;1478;26.3;26.31;26.26;26.37
04/16/10;19:30:01;1935;26.32;26.37;26.28;26.37
04/16/10;19:40:01;2159;26.32;26.3;26.26;26.39
04/16/10;19:50:01;2579;26.3;26.34;26.25;26.37
04/19/10;13:30:01;1471;26.33;26.23;26.11;26.33
04/19/10;13:40:01;1568;26.21;26.11;26.08;26.27
04/19/10;13:50:01;1773;26.1;26.1;26.09;26.24
04/19/10;14:00:01;1706;26.13;26.19;26.08;26.22
04/19/10;14:10:01;1606;26.19;26.27;26.12;26.36
04/19/10;14:20:01;1169;26.27;26.18;26.15;26.32
04/19/10;14:30:01;1431;26.18;26.2;26.11;26.21
04/19/10;14:40:01;1090;26.2;26.16;26.12;26.23
04/19/10;14:50:01;1241;26.13;26.12;26.07;26.19
04/19/10;15:00:01;1057;26.12;26.01;25.99;26.14
04/19/10;15:10:01;1539;26.01;25.95;25.91;26.03
04/19/10;15:20:01;1274;25.94;25.92;25.87;25.96
04/19/10;15:30:01;1117;25.92;25.88;25.88;25.98
04/19/10;15:40:01;1041;25.9;25.86;25.84;25.98
04/19/10;15:50:01;1725;25.85;25.82;25.73;25.86
04/19/10;16:00:01;1568;25.82;25.84;25.78;25.94
04/19/10;16:10:01;1326;25.82;25.87;25.77;25.88
04/19/10;16:20:01;1267;25.87;26.01;25.85;26.06
04/19/10;16:30:01;1009;26;26.09;25.96;26.12
04/19/10;16:40:01;962;26.09;26.09;26.06;26.18
04/19/10;16:50:01;755;26.09;26;25.97;26.12
04/19/10;17:00:01;727;25.98;25.93;25.91;26.01
04/19/10;17:10:01;652;25.95;25.96;25.91;26.02
04/19/10;17:20:01;902;25.96;26.06;25.92;26.1
04/19/10;17:30:01;956;26.06;26.01;25.95;26.08
04/19/10;17:40:01;908;26.01;26;25.96;26.07
04/19/10;17:50:01;1008;25.99;25.96;25.9;26.02
04/19/10;18:00:01;977;25.95;25.96;25.87;26.03
04/19/10;18:10:01;1036;25.96;26.02;25.94;26.06
04/19/10;18:20:01;1241;26.03;26.12;25.98;26.16
04/19/10;18:30:01;1075;26.12;26.19;26.08;26.19
04/19/10;18:40:01;1076;26.16;26.14;26.02;26.23
04/19/10;18:50:01;1053;26.14;26.18;26.09;26.22
04/19/10;19:00:01;1325;26.18;26.21;26.15;26.25
04/19/10;19:10:01;1230;26.2;26.2;26.18;26.29
04/19/10;19:20:01;1289;26.2;26.26;26.17;26.31
04/19/10;19:30:01;1379;26.28;26.2;26.13;26.28
04/19/10;19:40:01;1562;26.2;26.24;26.14;26.28
04/19/10;19:50:01;2365;26.25;26.33;26.22;26.41
04/20/10;13:30:01;1336;26.32;26.39;26.3;26.5
04/20/10;13:40:01;1632;26.39;26.53;26.34;26.6
04/20/10;13:50:01;1693;26.53;26.4;26.37;26.56
04/20/10;14:00:01;1536;26.4;26.37;26.29;26.44
04/20/10;14:10:01;1679;26.37;26.36;26.34;26.48
04/20/10;14:20:01;1575;26.36;26.31;26.28;26.4
04/20/10;14:30:01;1401;26.32;26.46;26.31;26.49
04/20/10;14:40:01;1198;26.45;26.47;26.42;26.52
04/20/10;14:50:01;874;26.47;26.45;26.41;26.52
04/20/10;15:00:01;991;26.45;26.42;26.37;26.54
04/20/10;15:10:01;952;26.42;26.36;26.32;26.44
04/20/10;15:20:01;897;26.37;26.34;26.29;26.4
04/20/10;15:30:01;863;26.33;26.34;26.29;26.39
04/20/10;15:40:01;582;26.34;26.35;26.3;26.4
04/20/10;15:50:01;878;26.36;26.37;26.32;26.41
04/20/10;16:00:01;843;26.37;26.4;26.33;26.42
04/20/10;16:10:01;1062;26.4;26.39;26.35;26.45
04/20/10;16:20:01;899;26.38;26.37;26.34;26.43
04/20/10;16:30:01;926;26.4;26.4;26.36;26.44
04/20/10;16:40:01;735;26.39;26.35;26.31;26.43
04/20/10;16:50:01;869;26.34;26.41;26.34;26.44
04/20/10;17:00:01;765;26.41;26.44;26.39;26.49
04/20/10;17:10:01;665;26.47;26.5;26.42;26.53
04/20/10;17:20:01;654;26.47;26.43;26.42;26.51
04/20/10;17:30:01;703;26.43;26.39;26.36;26.49
04/20/10;17:40:01;666;26.39;26.35;26.3;26.41
04/20/10;17:50:01;1030;26.34;26.26;26.25;26.41
04/20/10;18:00:01;1193;26.27;26.33;26.26;26.37
04/20/10;18:10:01;876;26.31;26.35;26.28;26.37
04/20/10;18:20:01;820;26.35;26.3;26.27;26.36
04/20/10;18:30:01;869;26.29;26.23;26.22;26.34
04/20/10;18:40:01;796;26.24;26.25;26.21;26.28
04/20/10;18:50:01;1000;26.25;26.23;26.22;26.29
04/20/10;19:00:01;1085;26.26;26.38;26.21;26.4
04/20/10;19:10:01;856;26.39;26.31;26.3;26.41
04/20/10;19:20:01;893;26.31;26.31;26.27;26.36
04/20/10;19:30:01;1126;26.31;26.34;26.27;26.37
04/20/10;19:40:01;1629;26.35;26.41;26.3;26.42
04/20/10;19:50:01;2277;26.39;26.41;26.3;26.42
04/21/10;13:30:01;2021;26.41;26.47;26.3;26.61
04/21/10;13:40:01;1405;26.47;26.5;26.34;26.54
04/21/10;13:50:01;1226;26.46;26.45;26.4;26.53
04/21/10;14:00:01;1430;26.45;26.33;26.27;26.47
04/21/10;14:10:01;1315;26.34;26.13;26.13;26.36
04/21/10;14:20:01;1201;26.13;26.1;26.02;26.14
04/21/10;14:30:01;1943;26.1;26.27;26.05;26.4
04/21/10;14:40:01;1272;26.28;26.24;26.24;26.37
04/21/10;14:50:01;1140;26.25;26.19;26.14;26.31
04/21/10;15:00:01;1073;26.19;26.16;26.14;26.25
04/21/10;15:10:01;1614;26.16;26.09;26.05;26.19
04/21/10;15:20:01;2300;26.11;26.02;25.93;26.12
04/21/10;15:30:01;1418;26.02;26.03;25.89;26.08
04/21/10;15:40:01;711;26.03;26.05;26.01;26.12
04/21/10;15:50:01;1048;26.04;26.01;25.96;26.08
04/21/10;16:00:01;890;26.01;25.98;25.94;26.06
04/21/10;16:10:01;588;25.96;25.93;25.91;25.99
04/21/10;16:20:01;716;25.93;25.9;25.88;25.95
04/21/10;16:30:01;1042;25.93;25.95;25.89;25.99
04/21/10;16:40:01;847;25.96;25.95;25.88;25.99
04/21/10;16:50:01;646;25.92;25.98;25.92;26.03
04/21/10;17:00:01;674;25.97;26.04;25.96;26.08
04/21/10;17:10:01;880;26.05;26.09;25.97;26.12
04/21/10;17:20:01;973;26.09;26.11;26.07;26.18
04/21/10;17:30:01;790;26.11;26.11;26.09;26.18
04/21/10;17:40:01;619;26.13;26.16;26.1;26.18
04/21/10;17:50:01;1092;26.16;26.11;26.02;26.16
04/21/10;18:00:01;698;26.11;26.14;26.04;26.19
04/21/10;18:10:01;588;26.13;26.12;26.03;26.14
04/21/10;18:20:01;194;26.12;26.07;26.05;26.13
04/21/10;18:30:01;168;26.07;26.07;26.01;26.08
04/21/10;18:40:01;527;26.07;26.04;26.03;26.12
04/21/10;18:50:01;1227;26.04;26.13;26.04;26.15
04/21/10;19:00:01;1337;26.14;26.07;26.03;26.16
04/21/10;19:10:01;1151;26.08;26.16;26.02;26.18
04/21/10;19:20:01;1373;26.15;26.15;26.05;26.17
04/21/10;19:30:01;1992;26.15;26.24;26.13;26.31
04/21/10;19:40:01;1840;26.26;26.31;26.2;26.37
04/21/10;19:50:01;2490;26.32;26.28;26.24;26.32
04/22/10;13:30:01;3430;26.2;24.36;24.13;26.2
04/22/10;13:40:01;3214;24.38;24.33;24.28;24.6
04/22/10;13:50:01;2579;24.32;24.17;24.14;24.41
04/22/10;14:00:01;3662;24.19;24;23.88;24.26
04/22/10;14:10:01;2547;23.99;24.06;23.99;24.13
04/22/10;14:20:01;2202;24.07;24.26;23.99;24.3
04/22/10;14:30:01;2477;24.24;24.35;24.16;24.46
04/22/10;14:40:01;2488;24.35;24.4;24.3;24.47
04/22/10;14:50:01;2499;24.4;24.26;24.22;24.41
04/22/10;15:00:01;2903;24.25;24.24;24.13;24.39
04/22/10;15:10:01;1792;24.24;24.19;24.13;24.28
04/22/10;15:20:01;1828;24.19;24.27;24.09;24.29
04/22/10;15:30:01;2104;24.14;24.25;24.14;24.39
04/22/10;15:40:01;1553;24.28;24.25;24.22;24.3
04/22/10;15:50:01;1636;24.28;24.35;24.22;24.38
04/22/10;16:00:01;1626;24.35;24.39;24.32;24.42
04/22/10;16:10:01;1290;24.41;24.31;24.26;24.42
04/22/10;16:20:01;1406;24.31;24.43;24.28;24.43
04/22/10;16:30:01;1225;24.38;24.32;24.3;24.4
04/22/10;16:40:01;1272;24.32;24.28;24.24;24.33
04/22/10;16:50:01;984;24.28;24.28;24.24;24.31
04/22/10;17:00:01;1889;24.29;24.41;24.24;24.45
04/22/10;17:10:01;1891;24.42;24.42;24.36;24.52
04/22/10;17:20:01;1692;24.43;24.48;24.4;24.53
04/22/10;17:30:01;2103;24.49;24.5;24.46;24.56
04/22/10;17:40:01;1926;24.5;24.48;24.46;24.61
04/22/10;17:50:01;1607;24.46;24.52;24.43;24.56
04/22/10;18:00:01;1541;24.52;24.5;24.44;24.57
04/22/10;18:10:01;1290;24.5;24.57;24.48;24.58
04/22/10;18:20:01;1378;24.56;24.6;24.49;24.64
04/22/10;18:30:01;1888;24.59;24.61;24.57;24.7
04/22/10;18:40:01;1331;24.59;24.52;24.49;24.66
04/22/10;18:50:01;1732;24.5;24.5;24.47;24.55
04/22/10;19:00:01;1637;24.5;24.49;24.42;24.53
04/22/10;19:10:01;1498;24.47;24.61;24.47;24.63
04/22/10;19:20:01;1690;24.61;24.64;24.56;24.67
04/22/10;19:30:01;1938;24.65;24.62;24.58;24.69
04/22/10;19:40:01;2058;24.61;24.6;24.55;24.66
04/22/10;19:50:01;3205;24.59;24.75;24.58;24.83
04/23/10;13:30:01;2087;24.78;24.63;24.57;24.8
04/23/10;13:40:01;1958;24.63;24.57;24.43;24.65
04/23/10;13:50:01;1492;24.56;24.49;24.48;24.61
04/23/10;14:00:01;1802;24.5;24.76;24.49;24.78
04/23/10;14:10:01;1640;24.75;24.6;24.58;24.79
04/23/10;14:20:01;1506;24.6;24.55;24.52;24.63
04/23/10;14:30:01;1945;24.53;24.51;24.49;24.59
04/23/10;14:40:01;1731;24.51;24.5;24.47;24.61
04/23/10;14:50:01;1681;24.5;24.49;24.43;24.53
04/23/10;15:00:01;1699;24.49;24.5;24.43;24.52
04/23/10;15:10:01;1614;24.5;24.53;24.47;24.57
04/23/10;15:20:01;1452;24.54;24.57;24.49;24.61
04/23/10;15:30:01;1861;24.57;24.59;24.5;24.6
04/23/10;15:40:01;1251;24.58;24.62;24.49;24.64
04/23/10;15:50:01;1116;24.62;24.58;24.54;24.65
04/23/10;16:00:01;1150;24.58;24.56;24.53;24.61
04/23/10;16:10:01;1143;24.56;24.58;24.53;24.61
04/23/10;16:20:01;851;24.58;24.57;24.53;24.64
04/23/10;16:30:01;1103;24.57;24.57;24.52;24.63
04/23/10;16:40:01;860;24.56;24.62;24.54;24.63
04/23/10;16:50:01;1236;24.61;24.62;24.56;24.66
04/23/10;17:00:01;973;24.62;24.61;24.58;24.66
04/23/10;17:10:01;724;24.63;24.61;24.57;24.66
04/23/10;17:20:01;853;24.61;24.58;24.56;24.67
04/23/10;17:30:01;1071;24.57;24.5;24.48;24.61
04/23/10;17:40:01;1126;24.52;24.52;24.4;24.55
04/23/10;17:50:01;884;24.51;24.57;24.48;24.61
04/23/10;18:00:01;922;24.57;24.54;24.5;24.57
04/23/10;18:10:01;1104;24.54;24.53;24.49;24.6
04/23/10;18:20:01;818;24.53;24.53;24.49;24.57
04/23/10;18:30:01;1178;24.53;24.52;24.5;24.58
04/23/10;18:40:01;1003;24.53;24.53;24.49;24.57
04/23/10;18:50:01;1340;24.54;24.53;24.5;24.59
04/23/10;19:00:01;1141;24.56;24.5;24.46;24.58
04/23/10;19:10:01;1274;24.5;24.55;24.47;24.57
04/23/10;19:20:01;1366;24.55;24.54;24.49;24.59
04/23/10;19:30:01;1617;24.54;24.54;24.48;24.58
04/23/10;19:40:01;2387;24.54;24.46;24.39;24.55
04/23/10;19:50:01;2598;24.46;24.53;24.46;24.57
04/26/10;13:30:01;558;24.55;24.42;24.37;24.56
04/26/10;13:40:01;658;24.43;24.29;24.27;24.48
04/26/10;13:50:01;760;24.28;24.27;24.22;24.32
04/26/10;14:00:01;632;24.29;24.29;24.2;24.33
04/26/10;14:10:01;883;24.29;24.24;24.23;24.38
04/26/10;14:20:01;752;24.27;24.27;24.17;24.32
04/26/10;14:30:01;788;24.28;24.33;24.24;24.37
04/26/10;14:40:01;888;24.34;24.35;24.27;24.37
04/26/10;14:50:01;701;24.35;24.37;24.3;24.39
04/26/10;15:00:01;590;24.37;24.37;24.33;24.41
04/26/10;15:10:01;664;24.37;24.37;24.34;24.43
04/26/10;15:20:01;823;24.35;24.31;24.3;24.43
04/26/10;15:30:01;765;24.34;24.39;24.3;24.42
04/26/10;15:40:01;769;24.39;24.33;24.28;24.41
04/26/10;15:50:01;747;24.35;24.3;24.29;24.36
04/26/10;16:00:01;629;24.3;24.29;24.25;24.33
04/26/10;16:10:01;955;24.3;24.28;24.27;24.36
04/26/10;16:20:01;793;24.25;24.32;24.25;24.34
04/26/10;16:30:01;814;24.33;24.31;24.25;24.35
04/26/10;16:40:01;650;24.31;24.32;24.26;24.34
04/26/10;16:50:01;712;24.3;24.33;24.27;24.35
04/26/10;17:00:01;676;24.3;24.34;24.3;24.37
04/26/10;17:10:01;652;24.34;24.39;24.33;24.41
04/26/10;17:20:01;650;24.42;24.36;24.34;24.44
04/26/10;17:30:01;659;24.36;24.33;24.28;24.39
04/26/10;17:40:01;673;24.31;24.34;24.27;24.39
04/26/10;17:50:01;488;24.35;24.35;24.28;24.39
04/26/10;18:00:01;697;24.36;24.35;24.32;24.38
04/26/10;18:10:01;770;24.36;24.56;24.33;24.59
04/26/10;18:20:01;909;24.56;24.72;24.53;24.72
04/26/10;18:30:01;773;24.68;24.68;24.61;24.73
04/26/10;18:40:01;1092;24.7;24.76;24.64;24.8
04/26/10;18:50:01;815;24.75;24.7;24.67;24.8
04/26/10;19:00:01;629;24.69;24.65;24.63;24.73
04/26/10;19:10:01;759;24.65;24.63;24.53;24.66
04/26/10;19:20:01;752;24.6;24.63;24.53;24.66
04/26/10;19:30:01;824;24.63;24.59;24.57;24.67
04/26/10;19:40:01;1150;24.59;24.55;24.51;24.62
04/26/10;19:50:01;984;24.55;24.56;24.52;24.61
04/27/10;13:30:01;1745;24.56;24.43;24.26;24.56
04/27/10;13:40:01;1534;24.42;24.41;24.39;24.51
04/27/10;13:50:01;1738;24.41;24.28;24.25;24.44
04/27/10;14:00:01;1665;24.28;24.36;24.22;24.39
04/27/10;14:10:01;1216;24.37;24.4;24.31;24.43
04/27/10;14:20:01;1415;24.42;24.38;24.31;24.44
04/27/10;14:30:01;1125;24.38;24.46;24.35;24.47
04/27/10;14:40:01;1296;24.46;24.43;24.4;24.52
04/27/10;14:50:01;1379;24.42;24.38;24.33;24.46
04/27/10;15:00:01;1191;24.34;24.35;24.32;24.42
04/27/10;15:10:01;1609;24.34;24.29;24.22;24.36
04/27/10;15:20:01;2194;24.29;24.17;24.15;24.32
04/27/10;15:30:01;2429;24.18;24.15;24.07;24.2
04/27/10;15:40:01;2395;24.12;24.19;24.12;24.25
04/27/10;15:50:01;2365;24.23;24.09;24.05;24.26
04/27/10;16:00:01;1696;24.07;23.96;23.94;24.08
04/27/10;16:10:01;2139;23.93;23.82;23.77;23.99
04/27/10;16:20:01;2242;23.83;23.69;23.66;23.88
04/27/10;16:30:01;1432;23.68;23.83;23.65;23.87
04/27/10;16:40:01;1660;23.82;23.88;23.81;23.9
04/27/10;16:50:01;1438;23.88;23.81;23.76;23.91
04/27/10;17:00:01;1776;23.81;23.86;23.78;23.92
04/27/10;17:10:01;1759;23.86;24.02;23.82;24.03
04/27/10;17:20:01;1607;24.02;24.18;24.01;24.19
04/27/10;17:30:01;1529;24.16;24.08;24.04;24.2
04/27/10;17:40:01;1261;24.08;24.1;24.02;24.12
04/27/10;17:50:01;1239;24.11;24.05;24.01;24.13
04/27/10;18:00:01;1651;24.05;24.07;23.97;24.08
04/27/10;18:10:01;989;24.07;24.08;24.03;24.1
04/27/10;18:20:01;1469;24.08;24.09;24.01;24.14
04/27/10;18:30:01;1415;24.08;24.03;23.99;24.12
04/27/10;18:40:01;1270;24.03;24.05;24;24.12
04/27/10;18:50:01;1537;24.07;23.94;23.91;24.11
04/27/10;19:00:01;1646;23.94;24.03;23.88;24.05
04/27/10;19:10:01;1276;24.04;24.04;23.94;24.07
04/27/10;19:20:01;1428;24.03;23.93;23.89;24.04
04/27/10;19:30:01;2038;23.93;23.94;23.87;23.96
04/27/10;19:40:01;2472;23.93;23.79;23.76;23.95
04/27/10;19:50:01;3064;23.78;23.77;23.7;23.84
04/28/10;13:30:01;1412;23.77;23.81;23.75;23.9
04/28/10;13:40:01;1599;23.79;23.84;23.76;23.86
04/28/10;13:50:01;1742;23.85;23.7;23.7;23.86
04/28/10;14:00:01;2288;23.74;23.74;23.67;23.78
04/28/10;14:10:01;1907;23.74;23.8;23.67;23.85
04/28/10;14:20:01;1682;23.79;23.95;23.78;23.99
04/28/10;14:30:01;1688;23.94;23.93;23.88;24.04
04/28/10;14:40:01;1493;23.93;23.92;23.89;23.97
04/28/10;14:50:01;1500;23.91;23.98;23.91;24.03
04/28/10;15:00:01;1425;23.98;23.95;23.93;24.02
04/28/10;15:10:01;1403;23.98;23.99;23.92;24
04/28/10;15:20:01;1701;23.99;23.88;23.84;24.02
04/28/10;15:30:01;2197;23.88;23.87;23.8;23.93
04/28/10;15:40:01;1621;23.87;23.88;23.82;23.98
04/28/10;15:50:01;1260;23.88;23.89;23.83;23.94
04/28/10;16:00:01;1549;23.88;23.87;23.81;23.91
04/28/10;16:10:01;1218;23.88;23.92;23.82;23.94
04/28/10;16:20:01;1585;23.92;23.87;23.86;23.96
04/28/10;16:30:01;1300;23.88;23.83;23.78;23.91
04/28/10;16:40:01;712;23.85;23.83;23.8;23.87
04/28/10;16:50:01;800;23.83;23.92;23.82;23.93
04/28/10;17:00:01;871;23.91;23.91;23.86;23.94
04/28/10;17:10:01;914;23.9;23.89;23.86;23.95
04/28/10;17:20:01;823;23.89;23.87;23.83;23.92
04/28/10;17:30:01;735;23.87;23.94;23.84;23.97
04/28/10;17:40:01;728;23.94;23.88;23.86;23.98
04/28/10;17:50:01;810;23.88;23.94;23.85;23.97
04/28/10;18:00:01;839;23.94;23.89;23.86;23.96
04/28/10;18:10:01;1508;23.87;23.89;23.86;23.98
04/28/10;18:20:01;1836;23.89;23.98;23.86;24.06
04/28/10;18:30:01;1781;23.99;23.97;23.92;24.06
04/28/10;18:40:01;1680;23.98;23.92;23.89;24.02
04/28/10;18:50:01;1731;23.94;23.99;23.9;24.04
04/28/10;19:00:01;1755;23.99;23.97;23.93;24.07
04/28/10;19:10:01;1804;23.97;24.01;23.92;24.01
04/28/10;19:20:01;1567;23.99;23.96;23.9;24.01
04/28/10;19:30:01;1865;23.96;23.93;23.89;24.01
04/28/10;19:40:01;2274;23.93;23.9;23.87;23.98
04/28/10;19:50:01;2731;23.91;23.97;23.87;24.03
04/29/10;13:30:01;1869;23.98;24.03;23.76;24.07
04/29/10;13:40:01;1865;24.03;23.92;23.91;24.12
04/29/10;13:50:01;1487;23.93;23.83;23.83;23.98
04/29/10;14:00:01;1312;23.84;23.9;23.82;23.94
04/29/10;14:10:01;1270;23.88;23.93;23.87;23.97
04/29/10;14:20:01;1449;23.94;23.96;23.9;24.01
04/29/10;14:30:01;1164;23.96;23.98;23.91;24.03
04/29/10;14:40:01;1170;23.99;23.97;23.94;24.04
04/29/10;14:50:01;1304;23.98;23.99;23.94;24.05
04/29/10;15:00:01;1377;23.98;23.97;23.88;24.01
04/29/10;15:10:01;1750;23.95;23.86;23.83;23.98
04/29/10;15:20:01;1455;23.86;23.91;23.83;23.96
04/29/10;15:30:01;1323;23.91;24.05;23.88;24.06
04/29/10;15:40:01;1295;24.03;24.1;24.02;24.16
04/29/10;15:50:01;910;24.1;24.08;24.07;24.15
04/29/10;16:00:01;1065;24.11;24.06;24.04;24.13
04/29/10;16:10:01;832;24.06;24.05;24.01;24.09
04/29/10;16:20:01;916;24.05;24.04;23.99;24.09
04/29/10;16:30:01;860;24.04;24.04;24;24.08
04/29/10;16:40:01;1239;24.04;24.11;24.01;24.15
04/29/10;16:50:01;1031;24.11;24.15;24.06;24.16
04/29/10;17:00:01;1416;24.16;24.21;24.14;24.26
04/29/10;17:10:01;940;24.21;24.2;24.15;24.25
04/29/10;17:20:01;959;24.2;24.15;24.13;24.25
04/29/10;17:30:01;741;24.11;24.18;24.11;24.21
04/29/10;17:40:01;663;24.18;24.13;24.08;24.2
04/29/10;17:50:01;910;24.13;24.16;24.09;24.19
04/29/10;18:00:01;890;24.16;24.12;24.09;24.2
04/29/10;18:10:01;997;24.12;24.2;24.09;24.21
04/29/10;18:20:01;994;24.18;24.13;24.1;24.2
04/29/10;18:30:01;1139;24.15;24.16;24.1;24.23
04/29/10;18:40:01;998;24.14;24.24;24.13;24.25
04/29/10;18:50:01;1428;24.22;24.17;24.13;24.25
04/29/10;19:00:01;1137;24.16;24.22;24.13;24.24
04/29/10;19:10:01;898;24.19;24.17;24.17;24.25
04/29/10;19:20:01;1415;24.2;24.29;24.16;24.31
04/29/10;19:30:01;1553;24.27;24.21;24.18;24.32
04/29/10;19:40:01;1475;24.22;24.25;24.21;24.29
04/29/10;19:50:01;2422;24.25;24.23;24.17;24.3
04/30/10;13:30:01;993;24.24;24.29;24.08;24.29
04/30/10;13:40:01;1537;24.32;24.2;24.16;24.36
04/30/10;13:50:01;1764;24.2;24.11;24.08;24.22
04/30/10;14:00:01;1914;24.11;24.1;24.01;24.13
04/30/10;14:10:01;1781;24.09;24.01;24;24.16
04/30/10;14:20:01;1171;24.01;24.05;23.98;24.1
04/30/10;14:30:01;1425;24.04;24.11;23.99;24.13
04/30/10;14:40:01;1279;24.11;24.16;24.06;24.22
04/30/10;14:50:01;1330;24.17;24.12;24.07;24.22
04/30/10;15:00:01;1527;24.11;24.09;24.06;24.18
04/30/10;15:10:01;1478;24.09;24.16;24.07;24.22
04/30/10;15:20:01;1310;24.18;24.03;24.03;24.2
04/30/10;15:30:01;1445;24.05;24.01;24;24.12
04/30/10;15:40:01;933;24.03;24.08;24.01;24.12
04/30/10;15:50:01;873;24.08;24.05;24.02;24.13
04/30/10;16:00:01;1102;24.04;23.99;23.95;24.1
04/30/10;16:10:01;1112;23.98;23.98;23.97;24.06
04/30/10;16:20:01;1326;23.99;23.96;23.93;24.04
04/30/10;16:30:01;1341;23.96;23.93;23.91;24.04
04/30/10;16:40:01;1220;23.94;23.99;23.93;24.03
04/30/10;16:50:01;1483;23.98;23.89;23.83;24
04/30/10;17:00:01;1177;23.89;23.89;23.87;23.99
04/30/10;17:10:01;1211;23.91;23.99;23.88;24.04
04/30/10;17:20:01;1018;23.99;23.99;23.92;24.02
04/30/10;17:30:01;957;23.99;24.01;23.96;24.05
04/30/10;17:40:01;928;24.01;24.06;23.98;24.11
04/30/10;17:50:01;937;24.06;23.97;23.97;24.11
04/30/10;18:00:01;1157;23.99;24.03;23.93;24.05
04/30/10;18:10:01;1007;24.02;23.99;23.96;24.07
04/30/10;18:20:01;931;23.99;23.96;23.93;24.02
04/30/10;18:30:01;1496;23.97;23.92;23.88;23.99
04/30/10;18:40:01;1274;23.92;23.89;23.86;23.95
04/30/10;18:50:01;1334;23.88;23.92;23.85;23.95
04/30/10;19:00:01;2144;23.94;23.92;23.88;23.99
04/30/10;19:10:01;1293;23.92;24.01;23.88;24.03
04/30/10;19:20:01;1236;24.02;23.97;23.92;24.04
04/30/10;19:30:01;1934;23.97;23.85;23.83;23.99
04/30/10;19:40:01;2505;23.85;23.82;23.75;23.85
04/30/10;19:50:01;2812;23.82;23.79;23.75;23.89
05/03/10;13:30:01;1349;23.8;23.86;23.62;23.87
05/03/10;13:40:01;1274;23.83;23.66;23.64;23.93
05/03/10;13:50:01;1115;23.68;23.79;23.65;23.83
05/03/10;14:00:01;1281;23.79;23.79;23.71;23.84
05/03/10;14:10:01;968;23.78;23.76;23.73;23.82
05/03/10;14:20:01;1158;23.75;23.79;23.75;23.85
05/03/10;14:30:01;1253;23.81;23.74;23.65;23.83
05/03/10;14:40:01;1385;23.73;23.77;23.7;23.81
05/03/10;14:50:01;1485;23.78;23.74;23.67;23.81
05/03/10;15:00:01;1338;23.71;23.75;23.68;23.79
05/03/10;15:10:01;1045;23.75;23.81;23.71;23.86
05/03/10;15:20:01;1137;23.81;23.87;23.8;23.89
05/03/10;15:30:01;1070;23.88;23.89;23.82;23.93
05/03/10;15:40:01;1041;23.88;23.89;23.83;23.92
05/03/10;15:50:01;1208;23.89;23.96;23.85;23.99
05/03/10;16:00:01;905;23.96;23.92;23.89;23.99
05/03/10;16:10:01;821;23.92;23.99;23.91;24.01
05/03/10;16:20:01;1596;24;24.01;23.97;24.06
05/03/10;16:30:01;1237;24.02;24.02;23.98;24.08
05/03/10;16:40:01;947;24.02;24.04;23.99;24.09
05/03/10;16:50:01;1197;24.04;24.13;24.01;24.13
05/03/10;17:00:01;1021;24.1;24.09;24.02;24.13
05/03/10;17:10:01;882;24.06;24.01;24.01;24.1
05/03/10;17:20:01;717;24.02;24.04;23.99;24.08
05/03/10;17:30:01;737;24.07;24.08;24.01;24.1
05/03/10;17:40:01;810;24.08;24.03;23.98;24.09
05/03/10;17:50:01;766;24.03;24.06;23.99;24.11
05/03/10;18:00:01;940;24.08;24.03;24.01;24.09
05/03/10;18:10:01;907;24.05;24.05;24.01;24.09
05/03/10;18:20:01;1007;24.05;24.03;23.97;24.07
05/03/10;18:30:01;989;24.01;23.96;23.93;24.03
05/03/10;18:40:01;717;23.97;23.98;23.92;24.02
05/03/10;18:50:01;799;23.98;23.97;23.93;24.02
05/03/10;19:00:01;980;23.97;23.95;23.9;24.02
05/03/10;19:10:01;1164;23.97;23.92;23.89;23.98
05/03/10;19:20:01;1678;23.92;23.94;23.89;23.99
05/03/10;19:30:01;1575;23.94;23.92;23.9;23.99
05/03/10;19:40:01;1445;23.92;23.92;23.89;23.97
05/03/10;19:50:01;2353;23.93;23.89;23.83;23.96
05/04/10;13:30:01;3065;23.81;22.55;22.48;23.81
05/04/10;13:40:01;2593;22.55;22.65;22.49;22.66
05/04/10;13:50:01;2950;22.63;22.8;22.55;22.86
05/04/10;14:00:01;2665;22.77;22.72;22.66;22.81
05/04/10;14:10:01;2612;22.7;22.61;22.54;22.75
05/04/10;14:20:01;2319;22.6;22.65;22.57;22.72
05/04/10;14:30:01;2309;22.65;22.52;22.49;22.68
05/04/10;14:40:01;2387;22.51;22.6;22.43;22.62
05/04/10;14:50:01;2773;22.6;22.62;22.52;22.68
05/04/10;15:00:01;2693;22.61;22.55;22.49;22.64
05/04/10;15:10:01;2119;22.59;22.73;22.55;22.75
05/04/10;15:20:01;2153;22.72;22.68;22.64;22.79
05/04/10;15:30:01;1700;22.66;22.68;22.63;22.76
05/04/10;15:40:01;1843;22.68;22.72;22.66;22.79
05/04/10;15:50:01;1602;22.73;22.82;22.65;22.84
05/04/10;16:00:01;1860;22.82;22.73;22.72;22.89
05/04/10;16:10:01;1552;22.74;22.61;22.59;22.74
05/04/10;16:20:01;1680;22.59;22.57;22.53;22.65
05/04/10;16:30:01;1471;22.6;22.69;22.55;22.73
05/04/10;16:40:01;1433;22.7;22.73;22.64;22.74
05/04/10;16:50:01;1670;22.71;22.8;22.68;22.81
05/04/10;17:00:01;1367;22.8;22.87;22.79;22.89
05/04/10;17:10:01;1575;22.87;22.78;22.72;22.87
05/04/10;17:20:01;1729;22.77;22.73;22.67;22.81
05/04/10;17:30:01;1754;22.71;22.78;22.68;22.8
05/04/10;17:40:01;1630;22.78;22.91;22.75;22.92
05/04/10;17:50:01;1373;22.9;22.9;22.86;22.96
05/04/10;18:00:01;1235;22.9;22.96;22.84;22.96
05/04/10;18:10:01;1062;22.96;22.99;22.92;23.04
05/04/10;18:20:01;1529;23;22.92;22.9;23
05/04/10;18:30:01;1728;22.93;22.9;22.88;22.99
05/04/10;18:40:01;1650;22.93;22.96;22.89;22.98
05/04/10;18:50:01;1804;22.97;22.97;22.91;23.04
05/04/10;19:00:01;1908;22.94;22.97;22.88;22.99
05/04/10;19:10:01;1938;22.97;23.06;22.93;23.09
05/04/10;19:20:01;2104;23.06;23.06;22.98;23.09
05/04/10;19:30:01;2239;23.06;22.99;22.97;23.14
05/04/10;19:40:01;2890;22.99;23.02;22.89;23.04
05/04/10;19:50:01;3529;23.01;23.09;22.97;23.13
05/05/10;13:30:01;1888;23.08;22.8;22.77;23.14
05/05/10;13:40:01;1902;22.77;22.75;22.7;22.84
05/05/10;13:50:01;2609;22.75;22.9;22.59;22.91
05/05/10;14:00:01;2514;22.88;22.86;22.85;23.05
05/05/10;14:10:01;2254;22.84;23;22.79;23.06
05/05/10;14:20:01;1731;23;23.03;22.98;23.06
05/05/10;14:30:01;1666;23.03;22.98;22.97;23.07
05/05/10;14:40:01;1647;22.99;23.07;22.97;23.15
05/05/10;14:50:01;1448;23.08;23.09;23;23.13
05/05/10;15:00:01;1570;23.1;23.06;22.98;23.1
05/05/10;15:10:01;1168;23.05;23.15;23.02;23.18
05/05/10;15:20:01;1280;23.14;23.2;23.11;23.27
05/05/10;15:30:01;1106;23.2;23.15;23.09;23.24
05/05/10;15:40:01;1361;23.15;23.14;23.07;23.17
05/05/10;15:50:01;1145;23.14;23.16;23.08;23.19
05/05/10;16:00:01;1357;23.15;23.17;23.11;23.19
05/05/10;16:10:01;1056;23.16;23.11;23.08;23.18
05/05/10;16:20:01;1190;23.11;23.02;23.01;23.12
05/05/10;16:30:01;961;23.02;23.11;23;23.14
05/05/10;16:40:01;1054;23.12;23.07;23.04;23.12
05/05/10;16:50:01;789;23.09;23.14;23.04;23.17
05/05/10;17:00:01;1151;23.11;23.14;23.1;23.22
05/05/10;17:10:01;1266;23.17;23.2;23.15;23.25
05/05/10;17:20:01;830;23.2;23.16;23.14;23.25
05/05/10;17:30:01;1054;23.15;23.11;23.04;23.21
05/05/10;17:40:01;1284;23.11;23.04;22.99;23.12
05/05/10;17:50:01;1234;23.04;22.98;22.91;23.06
05/05/10;18:00:01;1648;22.94;22.93;22.85;22.98
05/05/10;18:10:01;1429;22.92;22.86;22.82;22.96
05/05/10;18:20:01;1443;22.83;22.82;22.78;22.9
05/05/10;18:30:01;1563;22.82;22.82;22.76;22.87
05/05/10;18:40:01;1797;22.82;22.81;22.76;22.86
05/05/10;18:50:01;1835;22.81;22.85;22.76;22.9
05/05/10;19:00:01;1769;22.83;22.87;22.76;22.89
05/05/10;19:10:01;1645;22.85;22.7;22.69;22.86
05/05/10;19:20:01;1801;22.71;22.68;22.65;22.84
05/05/10;19:30:01;1954;22.67;22.7;22.65;22.74
05/05/10;19:40:01;2717;22.67;22.63;22.55;22.72
05/05/10;19:50:01;3144;22.63;22.68;22.6;22.71
05/06/10;13:30:01;1602;22.66;22.92;22.58;23.03
05/06/10;13:40:01;1920;22.93;23.01;22.9;23.16
05/06/10;13:50:01;1635;23.01;23.01;22.91;23.07
05/06/10;14:00:01;1944;23.03;23.04;22.99;23.16
05/06/10;14:10:01;1630;23.01;22.83;22.83;23.1
05/06/10;14:20:01;1812;22.84;22.89;22.72;22.93
05/06/10;14:30:01;1809;22.88;22.86;22.79;22.91
05/06/10;14:40:01;1931;22.84;22.77;22.71;22.89
05/06/10;14:50:01;1877;22.77;22.88;22.73;22.89
05/06/10;15:00:01;1853;22.88;22.89;22.82;22.93
05/06/10;15:10:01;2011;22.89;22.86;22.73;22.92
05/06/10;15:20:01;1665;22.84;22.9;22.82;22.94
05/06/10;15:30:01;1360;22.9;22.88;22.83;22.93
05/06/10;15:40:01;1333;22.88;22.68;22.66;22.9
05/06/10;15:50:01;1582;22.68;22.65;22.6;22.72
05/06/10;16:00:01;1376;22.66;22.8;22.62;22.83
05/06/10;16:10:01;1559;22.78;22.92;22.78;23.01
05/06/10;16:20:01;1199;22.92;22.9;22.88;22.96
05/06/10;16:30:01;1447;22.91;22.85;22.81;23
05/06/10;16:40:01;1349;22.86;22.84;22.77;22.91
05/06/10;16:50:01;1409;22.84;22.97;22.8;23
05/06/10;17:00:01;1272;22.96;22.89;22.87;23.01
05/06/10;17:10:01;1665;22.9;22.81;22.76;22.92
05/06/10;17:20:01;1546;22.78;22.77;22.7;22.86
05/06/10;17:30:01;1402;22.74;22.67;22.64;22.77
05/06/10;17:40:01;1258;22.67;22.75;22.63;22.81
05/06/10;17:50:01;1338;22.76;22.67;22.66;22.8
05/06/10;18:00:01;1761;22.7;22.66;22.61;22.76
05/06/10;18:10:01;2013;22.63;22.44;22.42;22.64
05/06/10;18:20:01;2572;22.44;22.34;22.31;22.45
05/06/10;18:30:01;2401;22.34;22.03;22.02;22.4
05/06/10;18:40:01;2889;22.03;21.88;20.51;22.05
05/06/10;18:50:01;2699;21.86;21.99;21.82;22.3
05/06/10;19:00:01;2363;21.99;22.39;21.91;22.48
05/06/10;19:10:01;2704;22.41;22.06;22.02;22.51
05/06/10;19:20:01;2838;22.06;22.23;21.79;22.23
05/06/10;19:30:01;3003;22.23;22.25;22.19;22.44
05/06/10;19:40:01;2793;22.25;22.45;22.25;22.57
05/06/10;19:50:01;2907;22.43;22.28;22.24;22.47
05/07/10;13:30:01;1868;22.28;22.52;22.06;22.55
05/07/10;13:40:01;2159;22.52;22.33;22.3;22.6
05/07/10;13:50:01;2153;22.32;22.02;21.99;22.37
05/07/10;14:00:01;2377;22.03;21.93;21.8;22.05
05/07/10;14:10:01;2795;21.94;21.88;21.8;21.96
05/07/10;14:20:01;2746;21.84;21.44;21.24;21.85
05/07/10;14:30:01;2938;21.43;21.96;21.43;21.97
05/07/10;14:40:01;2546;21.94;21.87;21.66;21.95
05/07/10;14:50:01;2567;21.86;21.86;21.81;22.01
05/07/10;15:00:01;2629;21.86;22.07;21.81;22.07
05/07/10;15:10:01;2767;22.08;22.04;21.98;22.31
05/07/10;15:20:01;2455;22.04;21.86;21.8;22.1
05/07/10;15:30:01;2815;21.86;21.83;21.67;21.89
05/07/10;15:40:01;2841;21.83;22.05;21.8;22.11
05/07/10;15:50:01;2841;22.04;21.92;21.85;22.06
05/07/10;16:00:01;2703;21.93;22;21.82;22.05
05/07/10;16:10:01;3126;22;21.95;21.89;22.06
05/07/10;16:20:01;3299;21.95;21.7;21.64;21.99
05/07/10;16:30:01;2471;21.7;21.69;21.58;21.82
05/07/10;16:40:01;2453;21.69;21.76;21.68;21.81
05/07/10;16:50:01;2312;21.76;21.68;21.66;21.84
05/07/10;17:00:01;2073;21.68;21.62;21.61;21.76
05/07/10;17:10:01;3041;21.62;21.65;21.56;21.76
05/07/10;17:20:01;2218;21.65;21.61;21.59;21.71
05/07/10;17:30:01;1976;21.59;21.72;21.58;21.73
05/07/10;17:40:01;2046;21.72;21.8;21.7;21.83
05/07/10;17:50:01;2072;21.8;21.67;21.63;21.81
05/07/10;18:00:01;2263;21.67;21.63;21.61;21.74
05/07/10;18:10:01;2378;21.63;21.63;21.52;21.66
05/07/10;18:20:01;2167;21.63;21.51;21.49;21.66
05/07/10;18:30:01;2231;21.51;21.65;21.49;21.68
05/07/10;18:40:01;2283;21.62;21.68;21.6;21.82
05/07/10;18:50:01;2364;21.69;21.63;21.57;21.71
05/07/10;19:00:01;2398;21.65;21.5;21.49;21.67
05/07/10;19:10:01;2701;21.5;21.54;21.38;21.55
05/07/10;19:20:01;3188;21.54;21.49;21.45;21.66
05/07/10;19:30:01;3443;21.49;21.41;21.35;21.53
05/07/10;19:40:01;3442;21.41;21.51;21.4;21.6
05/07/10;19:50:01;3396;21.51;21.46;21.42;21.55
05/10/10;13:30:01;2074;21.48;22.77;21.47;22.84
05/10/10;13:40:01;2367;22.77;22.64;22.5;22.79
05/10/10;13:50:01;2373;22.62;22.54;22.51;22.65
05/10/10;14:00:01;2305;22.54;22.42;22.4;22.58
05/10/10;14:10:01;2445;22.44;22.51;22.38;22.57
05/10/10;14:20:01;2613;22.49;22.35;22.33;22.57
05/10/10;14:30:01;2437;22.34;22.37;22.32;22.48
05/10/10;14:40:01;2373;22.37;22.33;22.25;22.41
05/10/10;14:50:01;2348;22.33;22.31;22.24;22.37
05/10/10;15:00:01;1885;22.31;22.37;22.27;22.47
05/10/10;15:10:01;2094;22.35;22.32;22.26;22.43
05/10/10;15:20:01;1807;22.32;22.38;22.24;22.4
05/10/10;15:30:01;1873;22.38;22.38;22.31;22.42
05/10/10;15:40:01;1504;22.38;22.35;22.3;22.4
05/10/10;15:50:01;1684;22.35;22.42;22.34;22.45
05/10/10;16:00:01;1640;22.42;22.43;22.38;22.46
05/10/10;16:10:01;1622;22.43;22.41;22.36;22.48
05/10/10;16:20:01;1500;22.43;22.31;22.29;22.44
05/10/10;16:30:01;1848;22.33;22.34;22.28;22.39
05/10/10;16:40:01;1487;22.33;22.33;22.24;22.35
05/10/10;16:50:01;1358;22.31;22.33;22.29;22.39
05/10/10;17:00:01;1922;22.33;22.27;22.22;22.36
05/10/10;17:10:01;2743;22.26;22.26;22.19;22.33
05/10/10;17:20:01;1932;22.26;22.24;22.18;22.29
05/10/10;17:30:01;1716;22.25;22.27;22.2;22.33
05/10/10;17:40:01;2172;22.25;22.24;22.12;22.27
05/10/10;17:50:01;1740;22.24;22.19;22.17;22.29
05/10/10;18:00:01;1964;22.19;22.23;22.09;22.25
05/10/10;18:10:01;1676;22.24;22.2;22.13;22.25
05/10/10;18:20:01;1707;22.2;22.21;22.19;22.32
05/10/10;18:30:01;1559;22.21;22.18;22.15;22.3
05/10/10;18:40:01;1613;22.17;22.21;22.14;22.25
05/10/10;18:50:01;1616;22.19;22.23;22.18;22.31
05/10/10;19:00:01;1934;22.26;22.17;22.12;22.29
05/10/10;19:10:01;2097;22.17;22.17;22.1;22.26
05/10/10;19:20:01;1594;22.17;22.22;22.13;22.27
05/10/10;19:30:01;2114;22.21;22.25;22.15;22.28
05/10/10;19:40:01;2451;22.27;22.25;22.18;22.3
05/10/10;19:50:01;3213;22.25;22.33;22.24;22.38
05/11/10;13:30:01;1499;22.34;22.12;21.97;22.35
05/11/10;13:40:01;1960;22.15;22.32;22.05;22.36
05/11/10;13:50:01;2245;22.3;22.44;22.26;22.46
05/11/10;14:00:01;1812;22.42;22.32;22.23;22.49
05/11/10;14:10:01;1472;22.32;22.28;22.26;22.4
05/11/10;14:20:01;1435;22.28;22.42;22.26;22.45
05/11/10;14:30:01;1398;22.42;22.53;22.36;22.53
05/11/10;14:40:01;1690;22.53;22.48;22.43;22.58
05/11/10;14:50:01;1248;22.48;22.4;22.35;22.48
05/11/10;15:00:01;1274;22.39;22.47;22.35;22.5
05/11/10;15:10:01;1385;22.46;22.52;22.42;22.54
05/11/10;15:20:01;1172;22.52;22.62;22.47;22.63
05/11/10;15:30:01;1582;22.62;22.7;22.57;22.75
05/11/10;15:40:01;1307;22.7;22.65;22.6;22.72
05/11/10;15:50:01;1547;22.66;22.63;22.57;22.68
05/11/10;16:00:01;1637;22.65;22.69;22.59;22.73
05/11/10;16:10:01;1136;22.71;22.68;22.66;22.74
05/11/10;16:20:01;1259;22.69;22.61;22.57;22.7
05/11/10;16:30:01;1301;22.64;22.61;22.55;22.68
05/11/10;16:40:01;1540;22.59;22.64;22.55;22.71
05/11/10;16:50:01;1312;22.67;22.66;22.59;22.71
05/11/10;17:00:01;1058;22.65;22.71;22.62;22.74
05/11/10;17:10:01;1003;22.71;22.73;22.67;22.75
05/11/10;17:20:01;1054;22.7;22.7;22.65;22.73
05/11/10;17:30:01;1000;22.67;22.66;22.65;22.73
05/11/10;17:40:01;1402;22.67;22.77;22.65;22.8
05/11/10;17:50:01;1270;22.78;22.67;22.65;22.82
05/11/10;18:00:01;1142;22.68;22.65;22.63;22.74
05/11/10;18:10:01;1787;22.64;22.58;22.56;22.68
05/11/10;18:20:01;1746;22.61;22.58;22.53;22.66
05/11/10;18:30:01;1864;22.57;22.44;22.43;22.6
05/11/10;18:40:01;1707;22.47;22.46;22.37;22.49
05/11/10;18:50:01;1445;22.47;22.38;22.35;22.48
05/11/10;19:00:01;1623;22.41;22.36;22.27;22.41
05/11/10;19:10:01;1772;22.36;22.33;22.3;22.43
05/11/10;19:20:01;1648;22.32;22.4;22.28;22.44
05/11/10;19:30:01;1652;22.4;22.44;22.33;22.49
05/11/10;19:40:01;2088;22.44;22.45;22.4;22.54
05/11/10;19:50:01;2107;22.47;22.37;22.34;22.5
05/12/10;13:30:01;1567;22.45;22.45;22.38;22.61
05/12/10;13:40:01;1310;22.44;22.41;22.32;22.46
05/12/10;13:50:01;1866;22.39;22.43;22.24;22.44
05/12/10;14:00:01;1824;22.45;22.44;22.38;22.48
05/12/10;14:10:01;1732;22.42;22.31;22.28;22.44
05/12/10;14:20:01;1765;22.37;22.37;22.28;22.41
05/12/10;14:30:01;2011;22.37;22.29;22.25;22.42
05/12/10;14:40:01;1644;22.29;22.3;22.25;22.35
05/12/10;14:50:01;1284;22.3;22.3;22.25;22.36
05/12/10;15:00:01;1591;22.3;22.35;22.27;22.39
05/12/10;15:10:01;1880;22.34;22.32;22.26;22.38
05/12/10;15:20:01;2383;22.32;22.26;22.23;22.33
05/12/10;15:30:01;2168;22.25;22.28;22.23;22.34
05/12/10;15:40:01;1919;22.28;22.27;22.25;22.35
05/12/10;15:50:01;1768;22.29;22.36;22.23;22.39
05/12/10;16:00:01;1380;22.36;22.32;22.31;22.4
05/12/10;16:10:01;1415;22.33;22.38;22.31;22.42
05/12/10;16:20:01;1205;22.38;22.39;22.32;22.4
05/12/10;16:30:01;1466;22.41;22.38;22.32;22.45
05/12/10;16:40:01;1094;22.38;22.36;22.33;22.42
05/12/10;16:50:01;1203;22.36;22.39;22.3;22.42
05/12/10;17:00:01;1529;22.39;22.4;22.35;22.46
05/12/10;17:10:01;1426;22.4;22.46;22.38;22.49
05/12/10;17:20:01;1377;22.46;22.42;22.38;22.49
05/12/10;17:30:01;1440;22.42;22.34;22.34;22.43
05/12/10;17:40:01;1465;22.37;22.39;22.3;22.43
05/12/10;17:50:01;1803;22.4;22.37;22.32;22.42
05/12/10;18:00:01;1616;22.37;22.36;22.34;22.47
05/12/10;18:10:01;1193;22.37;22.47;22.35;22.47
05/12/10;18:20:01;1097;22.48;22.46;22.42;22.51
05/12/10;18:30:01;1492;22.49;22.45;22.42;22.53
05/12/10;18:40:01;1256;22.44;22.48;22.42;22.52
05/12/10;18:50:01;1196;22.48;22.46;22.42;22.49
05/12/10;19:00:01;1461;22.46;22.46;22.43;22.53
05/12/10;19:10:01;2112;22.46;22.45;22.42;22.49
05/12/10;19:20:01;1319;22.45;22.41;22.36;22.47
05/12/10;19:30:01;1709;22.43;22.41;22.39;22.5
05/12/10;19:40:01;1911;22.42;22.47;22.41;22.5
05/12/10;19:50:01;2427;22.47;22.5;22.44;22.54
05/13/10;13:30:01;2680;22.58;23.16;22.58;23.31
05/13/10;13:40:01;2539;23.15;23.14;23.04;23.18
05/13/10;13:50:01;2443;23.13;23.04;23.01;23.17
05/13/10;14:00:01;2540;23.04;22.97;22.87;23.07
05/13/10;14:10:01;1993;22.97;23.06;22.87;23.09
05/13/10;14:20:01;2054;23.06;23.11;22.99;23.15
05/13/10;14:30:01;2051;23.11;23.14;23.05;23.17
05/13/10;14:40:01;1762;23.14;23.09;23.07;23.24
05/13/10;14:50:01;1876;23.09;23.04;23;23.14
05/13/10;15:00:01;2103;23.03;23.09;22.95;23.15
05/13/10;15:10:01;1918;23.09;23.09;23.06;23.15
05/13/10;15:20:01;1574;23.1;23.13;23.06;23.17
05/13/10;15:30:01;2205;23.13;23.1;23.07;23.15
05/13/10;15:40:01;1311;23.1;23.09;23.04;23.14
05/13/10;15:50:01;2024;23.08;23.01;22.99;23.1
05/13/10;16:00:01;1589;23.01;23.03;22.97;23.07
05/13/10;16:10:01;2095;23.04;23.01;22.97;23.07
05/13/10;16:20:01;1474;23.01;23.08;22.98;23.11
05/13/10;16:30:01;1296;23.08;23.15;23.06;23.18
05/13/10;16:40:01;1281;23.16;23.13;23.11;23.25
05/13/10;16:50:01;986;23.17;23.11;23.11;23.2
05/13/10;17:00:01;1218;23.11;23.03;23;23.12
05/13/10;17:10:01;2040;23.03;23.12;23.01;23.16
05/13/10;17:20:01;1472;23.12;23.09;23.02;23.14
05/13/10;17:30:01;1172;23.07;23.08;23.04;23.15
05/13/10;17:40:01;1321;23.08;23.06;23.01;23.12
05/13/10;17:50:01;961;23.06;23.05;22.99;23.08
05/13/10;18:00:01;1269;23.03;23.06;22.99;23.12
05/13/10;18:10:01;965;23.06;23.05;23.02;23.12
05/13/10;18:20:01;1440;23.05;23;22.96;23.09
05/13/10;18:30:01;1486;23.01;22.99;22.92;23.04
05/13/10;18:40:01;1634;22.98;22.91;22.89;23.01
05/13/10;18:50:01;1725;22.91;22.87;22.84;22.96
05/13/10;19:00:01;2020;22.88;22.84;22.8;22.96
05/13/10;19:10:01;2770;22.83;22.72;22.68;22.87
05/13/10;19:20:01;2400;22.72;22.73;22.68;22.82
05/13/10;19:30:01;2738;22.74;22.69;22.65;22.81
05/13/10;19:40:01;3047;22.69;22.77;22.65;22.78
05/13/10;19:50:01;3303;22.75;22.69;22.66;22.83
05/14/10;13:30:01;1946;22.68;22.55;22.49;22.68
05/14/10;13:40:01;2890;22.55;22.34;22.3;22.55
05/14/10;13:50:01;2397;22.34;22.22;22.19;22.45
05/14/10;14:00:01;2506;22.22;22.24;22.16;22.3
05/14/10;14:10:01;2347;22.27;22.18;22.15;22.29
05/14/10;14:20:01;2214;22.18;22.25;22.15;22.31
05/14/10;14:30:01;2229;22.24;22.14;22.11;22.3
05/14/10;14:40:01;1978;22.14;22.18;22.1;22.21
05/14/10;14:50:01;1712;22.19;22.16;22.14;22.22
05/14/10;15:00:01;2505;22.17;22.16;22.11;22.2
05/14/10;15:10:01;2346;22.14;22.13;22.1;22.19
05/14/10;15:20:01;2851;22.13;22.15;22.08;22.2
05/14/10;15:30:01;2365;22.15;22.15;22.11;22.21
05/14/10;15:40:01;1816;22.14;22.16;22.12;22.2
05/14/10;15:50:01;2203;22.16;22.15;22.1;22.19
05/14/10;16:00:01;1870;22.14;22.16;22.07;22.18
05/14/10;16:10:01;1410;22.13;22.18;22.1;22.2
05/14/10;16:20:01;1587;22.18;22.23;22.13;22.3
05/14/10;16:30:01;1449;22.21;22.22;22.16;22.26
05/14/10;16:40:01;1265;22.22;22.21;22.17;22.26
05/14/10;16:50:01;1203;22.21;22.3;22.19;22.3
05/14/10;17:00:01;1412;22.3;22.29;22.25;22.36
05/14/10;17:10:01;1158;22.28;22.26;22.23;22.37
05/14/10;17:20:01;1242;22.27;22.33;22.25;22.38
05/14/10;17:30:01;1694;22.33;22.21;22.18;22.34
05/14/10;17:40:01;1515;22.21;22.25;22.17;22.28
05/14/10;17:50:01;1564;22.25;22.27;22.2;22.31
05/14/10;18:00:01;1169;22.25;22.19;22.17;22.28
05/14/10;18:10:01;1761;22.2;22.15;22.1;22.22
05/14/10;18:20:01;2004;22.15;22.17;22.12;22.24
05/14/10;18:30:01;1747;22.18;22.23;22.13;22.26
05/14/10;18:40:01;1424;22.23;22.19;22.17;22.27
05/14/10;18:50:01;1911;22.22;22.16;22.1;22.27
05/14/10;19:00:01;2022;22.16;22.17;22.12;22.2
05/14/10;19:10:01;1685;22.17;22.13;22.11;22.23
05/14/10;19:20:01;2342;22.13;22.14;22.07;22.17
05/14/10;19:30:01;2251;22.14;22.14;22.07;22.18
05/14/10;19:40:01;2876;22.14;22.23;22.12;22.28
05/14/10;19:50:01;3479;22.23;22.25;22.19;22.32
05/17/10;13:30:01;1734;22.28;22.34;22.16;22.42
05/17/10;13:40:01;1814;22.34;22.27;22.18;22.39
05/17/10;13:50:01;1969;22.27;22.29;22.22;22.37
05/17/10;14:00:01;2286;22.29;22.32;22.22;22.38
05/17/10;14:10:01;2205;22.32;22.49;22.27;22.5
05/17/10;14:20:01;2352;22.49;22.52;22.36;22.53
05/17/10;14:30:01;2061;22.53;22.46;22.42;22.55
05/17/10;14:40:01;2510;22.47;22.39;22.33;22.51
05/17/10;14:50:01;2388;22.38;22.33;22.31;22.43
05/17/10;15:00:01;1712;22.32;22.31;22.24;22.37
05/17/10;15:10:01;2501;22.31;22.15;22.15;22.31
05/17/10;15:20:01;2391;22.16;22.23;22.13;22.26
05/17/10;15:30:01;1694;22.23;22.24;22.15;22.26
05/17/10;15:40:01;1385;22.22;22.17;22.14;22.27
05/17/10;15:50:01;1883;22.2;22.14;22.11;22.21
05/17/10;16:00:01;2924;22.14;22.05;21.97;22.14
05/17/10;16:10:01;2233;22.05;22.1;22.04;22.17
05/17/10;16:20:01;2014;22.13;22.13;22.09;22.19
05/17/10;16:30:01;1905;22.12;22.14;22.11;22.24
05/17/10;16:40:01;1461;22.15;22.14;22.11;22.21
05/17/10;16:50:01;1334;22.15;22.12;22.07;22.17
05/17/10;17:00:01;1558;22.13;22.16;22.1;22.17
05/17/10;17:10:01;1649;22.13;22.21;22.08;22.21
05/17/10;17:20:01;1662;22.21;22.18;22.14;22.24
05/17/10;17:30:01;1700;22.19;22.16;22.13;22.23
05/17/10;17:40:01;1631;22.15;22.19;22.12;22.22
05/17/10;17:50:01;1862;22.18;22.24;22.13;22.28
05/17/10;18:00:01;1940;22.23;22.23;22.2;22.34
05/17/10;18:10:01;1858;22.23;22.29;22.19;22.31
05/17/10;18:20:01;1946;22.29;22.21;22.17;22.32
05/17/10;18:30:01;2296;22.21;22.29;22.2;22.3
05/17/10;18:40:01;2045;22.29;22.36;22.27;22.4
05/17/10;18:50:01;2025;22.39;22.37;22.28;22.4
05/17/10;19:00:01;2683;22.36;22.31;22.26;22.43
05/17/10;19:10:01;2406;22.27;22.26;22.21;22.34
05/17/10;19:20:01;2230;22.25;22.28;22.2;22.31
05/17/10;19:30:01;3126;22.28;22.48;22.24;22.5
05/17/10;19:40:01;2888;22.48;22.48;22.38;22.52
05/17/10;19:50:01;3285;22.46;22.5;22.44;22.55
05/18/10;13:30:01;1611;22.58;22.7;22.58;22.78
05/18/10;13:40:01;1822;22.7;22.66;22.65;22.77
05/18/10;13:50:01;1782;22.66;22.62;22.59;22.71
05/18/10;14:00:01;2239;22.61;22.57;22.53;22.65
05/18/10;14:10:01;1904;22.58;22.64;22.55;22.69
05/18/10;14:20:01;1846;22.64;22.56;22.53;22.66
05/18/10;14:30:01;2092;22.57;22.55;22.5;22.63
05/18/10;14:40:01;2643;22.55;22.33;22.31;22.58
05/18/10;14:50:01;2316;22.33;22.33;22.2;22.38
05/18/10;15:00:01;2066;22.31;22.39;22.31;22.45
05/18/10;15:10:01;2020;22.42;22.43;22.4;22.53
05/18/10;15:20:01;1816;22.45;22.55;22.39;22.57
05/18/10;15:30:01;1716;22.55;22.43;22.41;22.59
05/18/10;15:40:01;2606;22.45;22.36;22.33;22.47
05/18/10;15:50:01;1825;22.37;22.32;22.3;22.39
05/18/10;16:00:01;2243;22.34;22.36;22.2;22.38
05/18/10;16:10:01;1446;22.36;22.39;22.33;22.43
05/18/10;16:20:01;1734;22.39;22.45;22.34;22.47
05/18/10;16:30:01;1692;22.45;22.49;22.4;22.54
05/18/10;16:40:01;1546;22.47;22.49;22.42;22.53
05/18/10;16:50:01;2014;22.5;22.43;22.41;22.52
05/18/10;17:00:01;2357;22.43;22.38;22.3;22.49
05/18/10;17:10:01;2515;22.38;22.3;22.27;22.41
05/18/10;17:20:01;1874;22.32;22.34;22.28;22.39
05/18/10;17:30:01;1691;22.33;22.31;22.27;22.39
05/18/10;17:40:01;2054;22.31;22.34;22.26;22.38
05/18/10;17:50:01;1994;22.37;22.28;22.27;22.39
05/18/10;18:00:01;2259;22.28;22.33;22.24;22.36
05/18/10;18:10:01;1609;22.34;22.31;22.29;22.38
05/18/10;18:20:01;2450;22.3;22.29;22.25;22.35
05/18/10;18:30:01;2073;22.29;22.19;22.14;22.31
05/18/10;18:40:01;2107;22.19;22.23;22.15;22.3
05/18/10;18:50:01;1964;22.24;22.19;22.14;22.26
05/18/10;19:00:01;2270;22.19;22.19;22.1;22.24
05/18/10;19:10:01;2560;22.19;22.28;22.15;22.33
05/18/10;19:20:01;2751;22.27;22.12;22.11;22.3
05/18/10;19:30:01;3119;22.14;22.25;22.11;22.28
05/18/10;19:40:01;3334;22.26;22.17;22.16;22.29
05/18/10;19:50:01;3469;22.18;22.17;22.13;22.24
05/19/10;13:30:01;1838;22.17;21.99;21.79;22.18
05/19/10;13:40:01;2424;21.99;21.98;21.9;22.04
05/19/10;13:50:01;2483;21.97;21.97;21.92;22.06
05/19/10;14:00:01;2748;21.96;21.86;21.77;21.98
05/19/10;14:10:01;2457;21.85;21.81;21.8;21.97
05/19/10;14:20:01;2184;21.81;21.89;21.73;21.91
05/19/10;14:30:01;2396;21.89;21.91;21.86;22.01
05/19/10;14:40:01;2549;21.95;21.99;21.88;22.03
05/19/10;14:50:01;2217;22.03;22.05;21.92;22.08
05/19/10;15:00:01;2118;22.05;22.08;22.02;22.15
05/19/10;15:10:01;1745;22.07;21.97;21.97;22.08
05/19/10;15:20:01;2280;22.02;21.99;21.9;22.02
05/19/10;15:30:01;2182;21.99;21.95;21.89;22.02
05/19/10;15:40:01;2398;21.95;21.84;21.84;22
05/19/10;15:50:01;2452;21.89;21.91;21.81;21.94
05/19/10;16:00:01;2126;21.91;21.95;21.85;21.99
05/19/10;16:10:01;1927;21.95;21.86;21.82;21.97
05/19/10;16:20:01;1700;21.83;21.94;21.82;21.99
05/19/10;16:30:01;1959;21.96;21.92;21.9;22.01
05/19/10;16:40:01;2282;21.92;21.79;21.79;21.96
05/19/10;16:50:01;2349;21.79;21.91;21.76;21.92
05/19/10;17:00:01;2604;21.91;21.94;21.85;21.95
05/19/10;17:10:01;2109;21.94;21.9;21.85;21.95
05/19/10;17:20:01;2592;21.9;21.88;21.86;21.97
05/19/10;17:30:01;2281;21.88;21.76;21.75;21.91
05/19/10;17:40:01;2106;21.76;21.85;21.75;21.85
05/19/10;17:50:01;2173;21.85;21.72;21.7;21.85
05/19/10;18:00:01;2801;21.75;21.72;21.72;21.85
05/19/10;18:10:01;2513;21.72;21.61;21.59;21.74
05/19/10;18:20:01;2510;21.61;21.56;21.52;21.66
05/19/10;18:30:01;2441;21.58;21.54;21.52;21.61
05/19/10;18:40:01;2635;21.54;21.67;21.51;21.71
05/19/10;18:50:01;2633;21.67;21.58;21.54;21.67
05/19/10;19:00:01;2379;21.58;21.51;21.48;21.62
05/19/10;19:10:01;2725;21.51;21.54;21.45;21.6
05/19/10;19:20:01;2762;21.54;21.62;21.48;21.63
05/19/10;19:30:01;2933;21.62;21.72;21.57;21.75
05/19/10;19:40:01;3164;21.72;21.66;21.58;21.76
05/19/10;19:50:01;3379;21.68;21.61;21.59;21.72
05/20/10;13:30:01;2360;21.64;21.28;20.87;21.64
05/20/10;13:40:01;2717;21.28;21.31;21.12;21.31
05/20/10;13:50:01;2832;21.31;21.31;21.29;21.48
05/20/10;14:00:01;3035;21.31;21.2;21.2;21.35
05/20/10;14:10:01;2569;21.21;21.13;21.02;21.22
05/20/10;14:20:01;2623;21.11;21.02;20.87;21.14
05/20/10;14:30:01;2194;21.02;21.11;20.97;21.16
05/20/10;14:40:01;2286;21.11;21.03;21.02;21.13
05/20/10;14:50:01;2603;21.03;20.98;20.94;21.08
05/20/10;15:00:01;2658;20.98;21.09;20.96;21.15
05/20/10;15:10:01;2542;21.11;20.98;20.95;21.14
05/20/10;15:20:01;2538;20.96;21.02;20.92;21.04
05/20/10;15:30:01;2375;21.01;21;20.93;21.08
05/20/10;15:40:01;2262;20.99;21;20.95;21.04
05/20/10;15:50:01;2745;21;20.91;20.89;21.04
05/20/10;16:00:01;2374;20.93;20.94;20.87;20.95
05/20/10;16:10:01;2791;20.92;20.78;20.72;20.94
05/20/10;16:20:01;2779;20.76;20.64;20.6;20.79
05/20/10;16:30:01;2801;20.65;20.66;20.58;20.71
05/20/10;16:40:01;2224;20.67;20.57;20.47;20.7
05/20/10;16:50:01;2790;20.58;20.44;20.4;20.59
05/20/10;17:00:01;2581;20.44;20.61;20.39;20.67
05/20/10;17:10:01;2103;20.61;20.7;20.58;20.72
05/20/10;17:20:01;2346;20.7;20.8;20.66;20.89
05/20/10;17:30:01;2363;20.8;20.81;20.77;20.92
05/20/10;17:40:01;2392;20.83;20.87;20.81;20.93
05/20/10;17:50:01;2425;20.87;20.81;20.74;20.9
05/20/10;18:00:01;2647;20.81;20.83;20.63;20.83
05/20/10;18:10:01;2737;20.83;20.98;20.78;21.01
05/20/10;18:20:01;2385;20.97;21.01;20.94;21.08
05/20/10;18:30:01;2699;20.98;21.16;20.97;21.17
05/20/10;18:40:01;3194;21.15;21.21;21.11;21.27
05/20/10;18:50:01;3612;21.21;21.2;21.16;21.36
05/20/10;19:00:01;3159;21.2;21.11;21.06;21.24
05/20/10;19:10:01;3105;21.13;21.18;21.06;21.19
05/20/10;19:20:01;2779;21.18;21.09;21.07;21.2
05/20/10;19:30:01;2396;21.09;21.02;20.99;21.14
05/20/10;19:40:01;3229;21.02;20.97;20.88;21.09
05/20/10;19:50:01;3833;20.97;20.8;20.77;20.98
05/21/10;13:30:01;1960;20.81;20.65;20.34;20.81
05/21/10;13:40:01;2191;20.67;20.68;20.53;20.78
05/21/10;13:50:01;2539;20.66;20.9;20.63;20.95
05/21/10;14:00:01;2500;20.91;20.99;20.88;21.11
05/21/10;14:10:01;2118;20.99;20.85;20.82;21.01
05/21/10;14:20:01;2526;20.87;20.84;20.77;20.9
05/21/10;14:30:01;2184;20.87;20.98;20.82;21.02
05/21/10;14:40:01;1957;20.98;20.91;20.85;21.08
05/21/10;14:50:01;2394;20.89;20.94;20.8;20.96
05/21/10;15:00:01;2115;20.94;21.13;20.92;21.2
05/21/10;15:10:01;1839;21.13;21.23;21.09;21.25
05/21/10;15:20:01;2418;21.23;21.28;21.19;21.34
05/21/10;15:30:01;2378;21.28;21.32;21.19;21.34
05/21/10;15:40:01;2973;21.34;21.33;21.27;21.48
05/21/10;15:50:01;2562;21.33;21.37;21.31;21.43
05/21/10;16:00:01;2176;21.37;21.27;21.23;21.39
05/21/10;16:10:01;2122;21.28;21.38;21.2;21.4
05/21/10;16:20:01;2124;21.38;21.41;21.34;21.45
05/21/10;16:30:01;2221;21.41;21.35;21.28;21.43
05/21/10;16:40:01;1924;21.37;21.25;21.24;21.42
05/21/10;16:50:01;1560;21.27;21.3;21.25;21.36
05/21/10;17:00:01;1772;21.3;21.27;21.19;21.33
05/21/10;17:10:01;1715;21.24;21.26;21.24;21.36
05/21/10;17:20:01;2006;21.28;21.22;21.19;21.32
05/21/10;17:30:01;2329;21.22;21.31;21.21;21.34
05/21/10;17:40:01;1882;21.31;21.33;21.27;21.35
05/21/10;17:50:01;1825;21.32;21.31;21.28;21.37
05/21/10;18:00:01;2073;21.31;21.28;21.25;21.36
05/21/10;18:10:01;2544;21.28;21.2;21.15;21.32
05/21/10;18:20:01;2645;21.2;21.22;21.15;21.28
05/21/10;18:30:01;2345;21.22;21.21;21.19;21.31
05/21/10;18:40:01;2134;21.2;21.14;21.07;21.25
05/21/10;18:50:01;2646;21.13;21.18;21.08;21.2
05/21/10;19:00:01;2113;21.18;21.21;21.12;21.25
05/21/10;19:10:01;2632;21.21;21.1;21.06;21.22
05/21/10;19:20:01;2463;21.1;21.2;21.08;21.25
05/21/10;19:30:01;2678;21.18;21.14;21.09;21.23
05/21/10;19:40:01;3260;21.16;21.27;21.11;21.37
05/21/10;19:50:01;3652;21.27;21.4;21.24;21.44
05/24/10;13:30:01;2648;21.43;21.5;21.1;21.62
05/24/10;13:40:01;2344;21.51;21.5;21.31;21.58
05/24/10;13:50:01;2456;21.5;21.43;21.39;21.58
05/24/10;14:00:01;2432;21.44;21.42;21.34;21.51
05/24/10;14:10:01;2564;21.45;21.54;21.4;21.55
05/24/10;14:20:01;2365;21.54;21.57;21.46;21.6
05/24/10;14:30:01;2212;21.58;21.6;21.53;21.68
05/24/10;14:40:01;2170;21.61;21.63;21.54;21.67
05/24/10;14:50:01;2249;21.66;21.6;21.52;21.67
05/24/10;15:00:01;1810;21.6;21.62;21.57;21.69
05/24/10;15:10:01;2233;21.62;21.55;21.47;21.64
05/24/10;15:20:01;1942;21.55;21.58;21.48;21.62
05/24/10;15:30:01;2019;21.58;21.6;21.53;21.66
05/24/10;15:40:01;1981;21.6;21.66;21.56;21.69
05/24/10;15:50:01;1788;21.68;21.57;21.57;21.68
05/24/10;16:00:01;1946;21.61;21.59;21.56;21.67
05/24/10;16:10:01;1882;21.62;21.61;21.56;21.67
05/24/10;16:20:01;1563;21.58;21.6;21.52;21.64
05/24/10;16:30:01;1359;21.59;21.62;21.57;21.63
05/24/10;16:40:01;1506;21.62;21.68;21.58;21.69
05/24/10;16:50:01;1829;21.68;21.75;21.66;21.8
05/24/10;17:00:01;1969;21.78;21.71;21.7;21.85
05/24/10;17:10:01;1350;21.71;21.7;21.66;21.77
05/24/10;17:20:01;1963;21.7;21.78;21.67;21.79
05/24/10;17:30:01;1913;21.75;21.63;21.61;21.79
05/24/10;17:40:01;1564;21.63;21.61;21.56;21.65
05/24/10;17:50:01;1619;21.61;21.6;21.56;21.63
05/24/10;18:00:01;1512;21.61;21.54;21.5;21.62
05/24/10;18:10:01;1198;21.54;21.57;21.53;21.6
05/24/10;18:20:01;1252;21.57;21.54;21.5;21.58
05/24/10;18:30:01;1864;21.55;21.65;21.5;21.69
05/24/10;18:40:01;1699;21.64;21.6;21.57;21.66
05/24/10;18:50:01;1471;21.6;21.61;21.57;21.66
05/24/10;19:00:01;1921;21.62;21.49;21.47;21.67
05/24/10;19:10:01;1990;21.49;21.54;21.45;21.59
05/24/10;19:20:01;1517;21.54;21.54;21.52;21.61
05/24/10;19:30:01;1787;21.54;21.53;21.49;21.59
05/24/10;19:40:01;2241;21.55;21.52;21.5;21.61
05/24/10;19:50:01;3303;21.51;21.36;21.31;21.51
05/25/10;13:30:01;2531;21.36;20.83;20.54;21.36
05/25/10;13:40:01;2272;20.82;20.71;20.62;20.82
05/25/10;13:50:01;2449;20.75;20.96;20.68;21.04
05/25/10;14:00:01;2605;20.96;20.96;20.88;21.05
05/25/10;14:10:01;2568;20.96;21.08;20.93;21.21
05/25/10;14:20:01;2170;21.07;21.03;20.98;21.14
05/25/10;14:30:01;2100;21.07;21;20.95;21.1
05/25/10;14:40:01;2259;21.01;21.01;20.95;21.05
05/25/10;14:50:01;2008;21.01;21.1;20.97;21.12
05/25/10;15:00:01;1925;21.09;21.1;21.03;21.17
05/25/10;15:10:01;1714;21.1;21.01;21.01;21.15
05/25/10;15:20:01;1702;21.03;21.15;21.01;21.19
05/25/10;15:30:01;1748;21.13;21.09;21.05;21.15
05/25/10;15:40:01;1792;21.09;21.11;21.06;21.15
05/25/10;15:50:01;1888;21.11;21.19;21.09;21.22
05/25/10;16:00:01;2224;21.19;21.31;21.17;21.33
05/25/10;16:10:01;2456;21.3;21.3;21.24;21.38
05/25/10;16:20:01;1776;21.3;21.19;21.15;21.33
05/25/10;16:30:01;1900;21.21;21.22;21.11;21.24
05/25/10;16:40:01;1512;21.21;21.21;21.13;21.26
05/25/10;16:50:01;1636;21.23;21.3;21.19;21.32
05/25/10;17:00:01;1785;21.32;21.24;21.21;21.34
05/25/10;17:10:01;1722;21.24;21.24;21.19;21.27
05/25/10;17:20:01;1566;21.25;21.3;21.22;21.34
05/25/10;17:30:01;1795;21.31;21.27;21.24;21.35
05/25/10;17:40:01;1400;21.27;21.26;21.21;21.3
05/25/10;17:50:01;2027;21.25;21.28;21.22;21.32
05/25/10;18:00:01;1547;21.31;21.24;21.21;21.31
05/25/10;18:10:01;1533;21.24;21.31;21.23;21.31
05/25/10;18:20:01;1983;21.29;21.39;21.25;21.44
05/25/10;18:30:01;1922;21.41;21.42;21.37;21.45
05/25/10;18:40:01;2228;21.42;21.56;21.39;21.59
05/25/10;18:50:01;2446;21.56;21.5;21.47;21.6
05/25/10;19:00:01;2748;21.5;21.56;21.44;21.56
05/25/10;19:10:01;2786;21.52;21.47;21.4;21.54
05/25/10;19:20:01;2844;21.45;21.55;21.45;21.6
05/25/10;19:30:01;3208;21.56;21.51;21.49;21.61
05/25/10;19:40:01;2715;21.5;21.55;21.44;21.58
05/25/10;19:50:01;3134;21.55;21.58;21.43;21.6
05/26/10;13:30:01;2402;21.66;21.88;21.62;22.01
05/26/10;13:40:01;2311;21.88;21.89;21.81;21.92
05/26/10;13:50:01;2249;21.89;21.9;21.79;21.95
05/26/10;14:00:01;2394;21.9;21.96;21.9;22.05
05/26/10;14:10:01;2150;21.96;21.98;21.89;22.02
05/26/10;14:20:01;2048;21.99;21.88;21.84;21.99
05/26/10;14:30:01;2080;21.88;21.95;21.84;21.99
05/26/10;14:40:01;2104;21.95;21.88;21.83;21.96
05/26/10;14:50:01;2338;21.86;21.81;21.75;21.9
05/26/10;15:00:01;2390;21.82;21.78;21.7;21.83
05/26/10;15:10:01;1865;21.78;21.8;21.75;21.84
05/26/10;15:20:01;2203;21.8;21.72;21.67;21.83
05/26/10;15:30:01;2110;21.72;21.74;21.68;21.8
05/26/10;15:40:01;2570;21.74;21.67;21.63;21.79
05/26/10;15:50:01;2027;21.69;21.74;21.63;21.77
05/26/10;16:00:01;1583;21.73;21.76;21.7;21.8
05/26/10;16:10:01;1162;21.75;21.75;21.69;21.78
05/26/10;16:20:01;1701;21.75;21.72;21.69;21.8
05/26/10;16:30:01;1664;21.71;21.69;21.65;21.75
05/26/10;16:40:01;1860;21.68;21.66;21.6;21.75
05/26/10;16:50:01;1731;21.69;21.74;21.62;21.76
05/26/10;17:00:01;1737;21.74;21.73;21.71;21.79
05/26/10;17:10:01;1599;21.78;21.69;21.66;21.79
05/26/10;17:20:01;1909;21.69;21.66;21.66;21.76
05/26/10;17:30:01;1483;21.69;21.75;21.65;21.76
05/26/10;17:40:01;1452;21.75;21.75;21.7;21.8
05/26/10;17:50:01;1405;21.75;21.75;21.71;21.8
05/26/10;18:00:01;1787;21.75;21.72;21.68;21.8
05/26/10;18:10:01;1519;21.7;21.7;21.63;21.75
05/26/10;18:20:01;2417;21.7;21.63;21.58;21.74
05/26/10;18:30:01;3077;21.63;21.55;21.49;21.67
05/26/10;18:40:01;2690;21.53;21.53;21.48;21.6
05/26/10;18:50:01;2517;21.53;21.58;21.47;21.6
05/26/10;19:00:01;2689;21.58;21.53;21.5;21.65
05/26/10;19:10:01;2645;21.53;21.53;21.5;21.64
05/26/10;19:20:01;3073;21.54;21.38;21.28;21.57
05/26/10;19:30:01;3628;21.38;21.44;21.28;21.46
05/26/10;19:40:01;3167;21.41;21.43;21.38;21.53
05/26/10;19:50:01;3434;21.42;21.39;21.34;21.47
05/27/10;13:30:01;1656;21.47;21.65;21.47;21.84
05/27/10;13:40:01;2141;21.63;21.7;21.59;21.78
05/27/10;13:50:01;2054;21.72;21.69;21.6;21.75
05/27/10;14:00:01;2199;21.69;21.67;21.57;21.74
05/27/10;14:10:01;2020;21.67;21.69;21.63;21.76
05/27/10;14:20:01;2213;21.69;21.7;21.62;21.73
05/27/10;14:30:01;2259;21.69;21.71;21.67;21.83
05/27/10;14:40:01;2014;21.71;21.72;21.66;21.8
05/27/10;14:50:01;1899;21.72;21.72;21.68;21.79
05/27/10;15:00:01;1851;21.7;21.73;21.65;21.79
05/27/10;15:10:01;1936;21.71;21.66;21.61;21.75
05/27/10;15:20:01;1775;21.67;21.71;21.65;21.74
05/27/10;15:30:01;2123;21.7;21.69;21.62;21.74
05/27/10;15:40:01;1547;21.67;21.69;21.64;21.72
05/27/10;15:50:01;1555;21.68;21.72;21.66;21.75
05/27/10;16:00:01;1501;21.73;21.7;21.64;21.74
05/27/10;16:10:01;1802;21.7;21.74;21.68;21.79
05/27/10;16:20:01;1440;21.74;21.73;21.67;21.77
05/27/10;16:30:01;1322;21.73;21.74;21.68;21.76
05/27/10;16:40:01;1466;21.73;21.66;21.64;21.75
05/27/10;16:50:01;1495;21.67;21.66;21.62;21.71
05/27/10;17:00:01;1835;21.66;21.62;21.57;21.68
05/27/10;17:10:01;1446;21.62;21.67;21.57;21.7
05/27/10;17:20:01;1375;21.66;21.71;21.65;21.77
05/27/10;17:30:01;1608;21.7;21.77;21.68;21.81
05/27/10;17:40:01;1409;21.78;21.74;21.68;21.79
05/27/10;17:50:01;1482;21.74;21.71;21.68;21.79
05/27/10;18:00:01;1616;21.72;21.77;21.69;21.82
05/27/10;18:10:01;1549;21.77;21.78;21.74;21.86
05/27/10;18:20:01;1608;21.78;21.79;21.75;21.84
05/27/10;18:30:01;1466;21.79;21.77;21.74;21.83
05/27/10;18:40:01;1590;21.77;21.79;21.71;21.82
05/27/10;18:50:01;1725;21.77;21.68;21.65;21.8
05/27/10;19:00:01;1561;21.68;21.7;21.64;21.75
05/27/10;19:10:01;2034;21.68;21.71;21.66;21.8
05/27/10;19:20:01;1985;21.71;21.74;21.66;21.76
05/27/10;19:30:01;2393;21.72;21.74;21.67;21.78
05/27/10;19:40:01;3021;21.75;21.8;21.69;21.84
05/27/10;19:50:01;3376;21.8;21.91;21.77;21.94
05/28/10;13:30:01;1740;21.91;21.8;21.67;21.95
05/28/10;13:40:01;1922;21.78;21.63;21.57;21.83
05/28/10;13:50:01;2098;21.63;21.7;21.6;21.72
05/28/10;14:00:01;1756;21.7;21.73;21.63;21.79
05/28/10;14:10:01;1723;21.73;21.74;21.7;21.79
05/28/10;14:20:01;1869;21.76;21.67;21.63;21.79
05/28/10;14:30:01;1789;21.65;21.61;21.6;21.73
05/28/10;14:40:01;1995;21.63;21.48;21.48;21.66
05/28/10;14:50:01;2170;21.49;21.52;21.46;21.56
05/28/10;15:00:01;1861;21.51;21.51;21.46;21.55
05/28/10;15:10:01;2347;21.51;21.38;21.34;21.55
05/28/10;15:20:01;1974;21.4;21.47;21.34;21.5
05/28/10;15:30:01;1404;21.47;21.46;21.41;21.5
05/28/10;15:40:01;1456;21.46;21.5;21.4;21.54
05/28/10;15:50:01;1495;21.5;21.47;21.39;21.52
05/28/10;16:00:01;1464;21.46;21.44;21.39;21.51
05/28/10;16:10:01;1342;21.44;21.48;21.42;21.5
05/28/10;16:20:01;1108;21.47;21.47;21.43;21.53
05/28/10;16:30:01;1868;21.48;21.31;21.29;21.53
05/28/10;16:40:01;2990;21.31;21.25;21.18;21.38
05/28/10;16:50:01;2302;21.25;21.24;21.21;21.3
05/28/10;17:00:01;1922;21.24;21.2;21.16;21.3
05/28/10;17:10:01;1911;21.23;21.25;21.16;21.28
05/28/10;17:20:01;1516;21.26;21.31;21.22;21.32
05/28/10;17:30:01;1773;21.28;21.22;21.17;21.32
05/28/10;17:40:01;1305;21.21;21.2;21.13;21.26
05/28/10;17:50:01;1427;21.2;21.21;21.18;21.28
05/28/10;18:00:01;2144;21.21;21.18;21.11;21.23
05/28/10;18:10:01;2054;21.17;21.25;21.14;21.27
05/28/10;18:20:01;1538;21.27;21.23;21.2;21.29
05/28/10;18:30:01;1799;21.24;21.31;21.2;21.34
05/28/10;18:40:01;2100;21.32;21.4;21.29;21.44
05/28/10;18:50:01;2191;21.44;21.45;21.38;21.5
05/28/10;19:00:01;1697;21.45;21.44;21.39;21.5
05/28/10;19:10:01;1990;21.44;21.49;21.41;21.51
05/28/10;19:20:01;2228;21.48;21.56;21.46;21.59
05/28/10;19:30:01;1956;21.56;21.54;21.51;21.63
05/28/10;19:40:01;2875;21.54;21.49;21.39;21.61
05/28/10;19:50:01;3292;21.52;21.43;21.39;21.58
05/31/10;13:30:01;150;21.44;21.45;21.43;21.45
05/31/10;13:40:01;157;21.45;21.44;21.43;21.45
05/31/10;13:50:01;150;21.45;21.44;21.43;21.45
05/31/10;14:00:01;145;21.43;21.45;21.43;21.45
05/31/10;14:10:01;133;21.45;21.44;21.43;21.45
05/31/10;14:20:01;157;21.44;21.43;21.43;21.45
05/31/10;14:30:01;159;21.44;21.44;21.43;21.45
05/31/10;14:40:01;154;21.43;21.44;21.43;21.45
05/31/10;14:50:01;142;21.43;21.44;21.43;21.45
05/31/10;15:00:01;146;21.44;21.44;21.43;21.45
05/31/10;15:10:01;163;21.45;21.45;21.43;21.45
05/31/10;15:20:01;148;21.44;21.45;21.43;21.45
05/31/10;15:30:01;143;21.44;21.44;21.43;21.45
05/31/10;15:40:01;158;21.45;21.44;21.43;21.45
05/31/10;15:50:01;153;21.44;21.45;21.43;21.45
05/31/10;16:00:01;150;21.44;21.45;21.43;21.45
05/31/10;16:10:01;144;21.45;21.45;21.43;21.45
05/31/10;16:20:01;140;21.45;21.45;21.43;21.45
05/31/10;16:30:01;144;21.44;21.45;21.43;21.45
05/31/10;16:40:01;156;21.44;21.43;21.43;21.45
05/31/10;16:50:01;154;21.44;21.43;21.43;21.45
05/31/10;17:00:01;153;21.44;21.44;21.43;21.45
05/31/10;17:10:01;157;21.43;21.45;21.43;21.45
05/31/10;17:20:01;128;21.45;21.43;21.43;21.45
05/31/10;17:30:01;147;21.44;21.44;21.43;21.45
05/31/10;17:40:01;154;21.44;21.44;21.43;21.45
05/31/10;17:50:01;142;21.44;21.44;21.43;21.45
05/31/10;18:00:01;153;21.45;21.43;21.43;21.45
05/31/10;18:10:01;137;21.43;21.44;21.43;21.45
05/31/10;18:20:01;163;21.45;21.43;21.43;21.45
05/31/10;18:30:01;149;21.44;21.44;21.43;21.45
05/31/10;18:40:01;141;21.44;21.45;21.43;21.45
05/31/10;18:50:01;154;21.44;21.45;21.43;21.45
05/31/10;19:00:01;154;21.44;21.45;21.43;21.45
05/31/10;19:10:01;152;21.44;21.43;21.43;21.45
05/31/10;19:20:01;143;21.43;21.44;21.43;21.45
05/31/10;19:30:01;146;21.45;21.44;21.43;21.45
05/31/10;19:40:01;139;21.45;21.45;21.43;21.45
05/31/10;19:50:01;148;21.44;21.45;21.43;21.45
